scenario,taskCount,seed,scheduler,taskId,priority,arrivalTime,executionTime,deadline,startTime,completionTime,waitingTime,turnaroundTime,deadlineMissed,assignedVmId,finalScore,urgencyScore,waitingScore,baseScore,slack
NORMAL_LOAD,20,1001,IEEE_BASELINE,0,5,0.00,15.67,47.31,0.10,15.77,0.10,15.77,false,0,,,,,
NORMAL_LOAD,20,1001,IEEE_BASELINE,1,4,1.99,10.56,30.90,2.09,12.65,0.10,10.66,false,1,,,,,
NORMAL_LOAD,20,1001,IEEE_BASELINE,2,6,2.85,12.60,56.86,2.95,15.55,0.10,12.70,false,2,,,,,
NORMAL_LOAD,20,1001,IEEE_BASELINE,3,5,4.68,10.31,40.74,4.78,15.09,0.10,10.41,false,3,,,,,
NORMAL_LOAD,20,1001,IEEE_BASELINE,4,3,6.42,7.76,30.40,12.76,20.52,6.34,14.10,false,1,,,,,
NORMAL_LOAD,20,1001,IEEE_BASELINE,5,6,7.29,7.21,31.58,15.88,23.09,8.59,15.80,false,0,,,,,
NORMAL_LOAD,20,1001,IEEE_BASELINE,6,2,7.94,13.81,69.48,15.20,29.01,7.26,21.07,false,3,,,,,
NORMAL_LOAD,20,1001,IEEE_BASELINE,7,2,8.86,9.55,33.37,20.63,30.18,11.77,21.32,false,1,,,,,
NORMAL_LOAD,20,1001,IEEE_BASELINE,8,10,9.83,10.96,52.33,23.20,34.16,13.37,24.33,false,0,,,,,
NORMAL_LOAD,20,1001,IEEE_BASELINE,9,4,10.58,14.30,54.45,15.66,29.96,5.08,19.38,false,2,,,,,
NORMAL_LOAD,20,1001,IEEE_BASELINE,10,9,11.24,18.13,69.95,29.12,47.25,17.88,36.01,false,3,,,,,
NORMAL_LOAD,20,1001,IEEE_BASELINE,11,10,13.27,10.20,43.72,30.07,40.27,16.80,27.00,false,2,,,,,
NORMAL_LOAD,20,1001,IEEE_BASELINE,12,2,14.71,8.56,52.30,30.29,38.85,15.58,24.14,false,1,,,,,
NORMAL_LOAD,20,1001,IEEE_BASELINE,13,6,15.41,6.68,37.29,34.27,40.95,18.86,25.54,true,0,,,,,
NORMAL_LOAD,20,1001,IEEE_BASELINE,14,3,16.72,17.51,73.51,41.06,58.57,24.34,41.85,false,0,,,,,
NORMAL_LOAD,20,1001,IEEE_BASELINE,15,3,19.19,13.51,52.91,58.68,72.19,39.49,53.00,true,0,,,,,
NORMAL_LOAD,20,1001,IEEE_BASELINE,16,2,21.06,12.95,54.49,47.36,60.31,26.30,39.25,true,3,,,,,
NORMAL_LOAD,20,1001,IEEE_BASELINE,17,5,23.25,17.64,93.34,38.96,56.60,15.71,33.35,false,1,,,,,
NORMAL_LOAD,20,1001,IEEE_BASELINE,18,10,25.73,14.45,69.44,40.38,54.83,14.65,29.10,false,2,,,,,
NORMAL_LOAD,20,1001,IEEE_BASELINE,19,5,26.62,9.38,65.19,54.94,64.32,28.32,37.70,false,2,,,,,
NORMAL_LOAD,20,1001,PROPOSED_DEADLINE_AWARE,0,5,0.00,15.67,47.31,0.10,15.77,0.10,15.77,false,0,0.3568,0.3637,0.0020,0.5000,31.54
NORMAL_LOAD,20,1001,PROPOSED_DEADLINE_AWARE,1,4,1.99,10.56,30.90,2.09,12.65,0.10,10.66,false,1,0.3497,0.4194,0.0020,0.4000,18.25
NORMAL_LOAD,20,1001,PROPOSED_DEADLINE_AWARE,2,6,2.85,12.60,56.86,2.95,15.55,0.10,12.70,false,2,0.3063,0.1927,0.0020,0.6000,41.31
NORMAL_LOAD,20,1001,PROPOSED_DEADLINE_AWARE,3,5,4.68,10.31,40.74,4.78,15.09,0.10,10.41,false,3,0.3177,0.2854,0.0020,0.5000,25.65
NORMAL_LOAD,20,1001,PROPOSED_DEADLINE_AWARE,4,3,6.42,7.76,30.40,12.76,20.52,6.34,14.10,false,1,0.3781,0.5134,0.1191,0.3000,9.88
NORMAL_LOAD,20,1001,PROPOSED_DEADLINE_AWARE,5,6,7.29,7.21,31.58,20.63,27.84,13.34,20.55,false,1,0.6107,0.7398,0.2342,0.6000,3.74
NORMAL_LOAD,20,1001,PROPOSED_DEADLINE_AWARE,6,2,7.94,13.81,69.48,15.66,29.47,7.72,21.53,false,2,0.5102,0.7473,0.1431,0.2000,40.01
NORMAL_LOAD,20,1001,PROPOSED_DEADLINE_AWARE,7,2,8.86,9.55,33.37,29.58,39.13,20.72,30.27,true,2,0.6075,1.0000,0.3393,0.2000,-5.76
NORMAL_LOAD,20,1001,PROPOSED_DEADLINE_AWARE,8,10,9.83,10.96,52.33,15.20,26.16,5.37,16.33,false,3,0.5113,0.2946,0.1018,1.0000,26.17
NORMAL_LOAD,20,1001,PROPOSED_DEADLINE_AWARE,9,4,10.58,14.30,54.45,26.27,40.57,15.69,29.99,false,3,0.5643,0.7576,0.2693,0.4000,13.88
NORMAL_LOAD,20,1001,PROPOSED_DEADLINE_AWARE,10,9,11.24,18.19,69.95,15.88,34.07,4.64,22.83,false,0,0.5108,0.3673,0.0886,0.9000,35.88
NORMAL_LOAD,20,1001,PROPOSED_DEADLINE_AWARE,11,10,13.27,10.20,43.72,39.24,49.44,25.97,36.17,true,2,0.5591,0.4058,0.4051,1.0000,-5.72
NORMAL_LOAD,20,1001,PROPOSED_DEADLINE_AWARE,12,2,14.71,8.56,52.30,27.95,36.51,13.24,21.80,false,1,0.5612,0.8774,0.2326,0.2000,15.79
NORMAL_LOAD,20,1001,PROPOSED_DEADLINE_AWARE,13,6,15.41,6.68,37.29,40.68,47.36,25.27,31.95,true,3,0.5799,0.6882,0.3967,0.6000,-10.07
NORMAL_LOAD,20,1001,PROPOSED_DEADLINE_AWARE,14,3,16.72,17.51,73.51,47.47,64.98,30.75,48.26,false,3,0.5412,0.7602,0.4594,0.3000,8.53
NORMAL_LOAD,20,1001,PROPOSED_DEADLINE_AWARE,15,3,19.19,13.51,52.91,34.18,47.69,14.99,28.50,false,0,0.5418,0.8060,0.2590,0.3000,5.22
NORMAL_LOAD,20,1001,PROPOSED_DEADLINE_AWARE,16,2,21.06,12.85,54.49,49.55,62.40,28.49,41.34,true,2,0.4880,0.7707,0.4344,0.2000,-7.91
NORMAL_LOAD,20,1001,PROPOSED_DEADLINE_AWARE,17,5,23.25,17.64,93.34,36.62,54.26,13.37,31.01,false,1,0.4675,0.4802,0.2346,0.5000,39.08
NORMAL_LOAD,20,1001,PROPOSED_DEADLINE_AWARE,18,10,25.73,14.36,69.44,54.37,68.73,28.64,43.00,false,1,0.5442,0.3793,0.4361,1.0000,0.71
NORMAL_LOAD,20,1001,PROPOSED_DEADLINE_AWARE,19,5,26.62,9.38,65.19,47.80,57.18,21.18,30.56,false,0,0.5299,0.6224,0.3453,0.5000,8.01
NORMAL_LOAD,50,1001,IEEE_BASELINE,0,5,0.00,15.67,47.31,0.10,15.77,0.10,15.77,false,0,,,,,
NORMAL_LOAD,50,1001,IEEE_BASELINE,1,4,1.99,10.56,30.90,2.09,12.65,0.10,10.66,false,1,,,,,
NORMAL_LOAD,50,1001,IEEE_BASELINE,2,6,2.85,12.60,56.86,2.95,15.55,0.10,12.70,false,2,,,,,
NORMAL_LOAD,50,1001,IEEE_BASELINE,3,5,4.68,10.31,40.74,4.78,15.09,0.10,10.41,false,3,,,,,
NORMAL_LOAD,50,1001,IEEE_BASELINE,4,3,6.42,7.76,30.40,12.76,20.52,6.34,14.10,false,1,,,,,
NORMAL_LOAD,50,1001,IEEE_BASELINE,5,6,7.29,7.11,31.58,20.63,27.74,13.34,20.45,false,1,,,,,
NORMAL_LOAD,50,1001,IEEE_BASELINE,6,2,7.94,13.81,69.48,15.88,29.69,7.94,21.75,false,0,,,,,
NORMAL_LOAD,50,1001,IEEE_BASELINE,7,2,8.86,9.55,33.37,27.85,37.40,18.99,28.54,true,1,,,,,
NORMAL_LOAD,50,1001,IEEE_BASELINE,8,10,9.83,10.96,52.33,29.80,40.76,19.97,30.93,false,0,,,,,
NORMAL_LOAD,50,1001,IEEE_BASELINE,9,4,10.58,14.25,54.45,15.66,29.91,5.08,19.33,false,2,,,,,
NORMAL_LOAD,50,1001,IEEE_BASELINE,10,9,11.24,18.17,69.95,15.20,33.37,3.96,22.13,false,3,,,,,
NORMAL_LOAD,50,1001,IEEE_BASELINE,11,10,13.27,10.20,43.72,33.48,43.68,20.21,30.41,false,3,,,,,
NORMAL_LOAD,50,1001,IEEE_BASELINE,12,2,14.71,8.56,52.30,37.51,46.07,22.80,31.36,false,1,,,,,
NORMAL_LOAD,50,1001,IEEE_BASELINE,13,6,15.41,6.68,37.29,30.02,36.70,14.61,21.29,false,2,,,,,
NORMAL_LOAD,50,1001,IEEE_BASELINE,14,3,16.72,17.48,73.51,36.81,54.29,20.09,37.57,false,2,,,,,
NORMAL_LOAD,50,1001,IEEE_BASELINE,15,3,19.19,13.42,52.91,40.87,54.29,21.68,35.10,true,0,,,,,
NORMAL_LOAD,50,1001,IEEE_BASELINE,16,2,21.06,12.94,54.49,43.79,56.73,22.73,35.67,true,3,,,,,
NORMAL_LOAD,50,1001,IEEE_BASELINE,17,5,23.25,17.64,93.34,56.84,74.48,33.59,51.23,false,3,,,,,
NORMAL_LOAD,50,1001,IEEE_BASELINE,18,10,25.73,14.45,69.44,74.59,89.04,48.86,63.31,true,3,,,,,
NORMAL_LOAD,50,1001,IEEE_BASELINE,19,5,26.62,9.38,65.19,54.40,63.78,27.78,37.16,false,0,,,,,
NORMAL_LOAD,50,1001,IEEE_BASELINE,20,3,27.14,19.29,88.98,63.89,83.18,36.75,56.04,false,0,,,,,
NORMAL_LOAD,50,1001,IEEE_BASELINE,21,6,28.20,12.60,73.82,54.40,67.00,26.20,38.80,false,2,,,,,
NORMAL_LOAD,50,1001,IEEE_BASELINE,22,4,30.24,17.32,96.10,83.29,100.61,53.05,70.37,true,0,,,,,
NORMAL_LOAD,50,1001,IEEE_BASELINE,23,5,31.62,8.33,58.37,46.18,54.51,14.56,22.89,false,1,,,,,
NORMAL_LOAD,50,1001,IEEE_BASELINE,24,10,33.65,14.82,92.44,67.11,81.93,33.46,48.28,false,2,,,,,
NORMAL_LOAD,50,1001,IEEE_BASELINE,25,3,34.16,17.41,85.39,54.62,72.03,20.46,37.87,false,1,,,,,
NORMAL_LOAD,50,1001,IEEE_BASELINE,26,10,36.31,12.65,73.07,82.04,94.69,45.73,58.38,true,2,,,,,
NORMAL_LOAD,50,1001,IEEE_BASELINE,27,4,37.17,9.72,71.04,100.72,110.44,63.55,73.27,true,0,,,,,
NORMAL_LOAD,50,1001,IEEE_BASELINE,28,7,38.76,12.01,90.47,89.15,101.16,50.39,62.40,true,3,,,,,
NORMAL_LOAD,50,1001,IEEE_BASELINE,29,2,40.97,7.42,60.48,72.14,79.56,31.17,38.59,true,1,,,,,
NORMAL_LOAD,50,1001,IEEE_BASELINE,30,3,42.94,17.72,104.87,79.67,97.39,36.73,54.45,false,1,,,,,
NORMAL_LOAD,50,1001,IEEE_BASELINE,31,8,44.78,13.31,80.49,110.55,123.86,65.77,79.08,true,0,,,,,
NORMAL_LOAD,50,1001,IEEE_BASELINE,32,2,46.03,7.23,77.55,101.27,108.50,55.24,62.47,true,3,,,,,
NORMAL_LOAD,50,1001,IEEE_BASELINE,33,4,47.73,15.97,107.56,94.80,110.77,47.07,63.04,true,2,,,,,
NORMAL_LOAD,50,1001,IEEE_BASELINE,34,8,49.81,6.04,70.41,123.97,130.01,74.16,80.20,true,0,,,,,
NORMAL_LOAD,50,1001,IEEE_BASELINE,35,4,52.26,11.65,96.90,110.88,122.53,58.62,70.27,true,2,,,,,
NORMAL_LOAD,50,1001,IEEE_BASELINE,36,9,54.51,6.06,75.91,108.61,114.67,54.10,60.16,true,3,,,,,
NORMAL_LOAD,50,1001,IEEE_BASELINE,37,3,55.46,9.69,84.81,130.12,139.81,74.66,84.35,true,0,,,,,
NORMAL_LOAD,50,1001,IEEE_BASELINE,38,8,57.47,16.47,125.44,122.64,139.11,65.17,81.64,true,2,,,,,
NORMAL_LOAD,50,1001,IEEE_BASELINE,39,2,59.82,7.97,81.57,114.78,122.75,54.96,62.93,true,3,,,,,
NORMAL_LOAD,50,1001,IEEE_BASELINE,40,2,60.81,16.20,111.49,139.22,155.42,78.41,94.61,true,2,,,,,
NORMAL_LOAD,50,1001,IEEE_BASELINE,41,1,63.02,8.20,96.32,97.50,105.70,34.48,42.68,true,1,,,,,
NORMAL_LOAD,50,1001,IEEE_BASELINE,42,3,64.37,16.08,129.98,105.81,121.89,41.44,57.52,false,1,,,,,
NORMAL_LOAD,50,1001,IEEE_BASELINE,43,8,65.73,13.97,117.11,122.00,135.97,56.27,70.24,true,1,,,,,
NORMAL_LOAD,50,1001,IEEE_BASELINE,44,7,66.59,6.16,83.38,122.86,129.02,56.27,62.43,true,3,,,,,
NORMAL_LOAD,50,1001,IEEE_BASELINE,45,2,67.69,19.56,124.06,136.08,155.64,68.39,87.95,true,1,,,,,
NORMAL_LOAD,50,1001,IEEE_BASELINE,46,10,69.80,11.59,115.00,139.92,151.51,70.12,81.71,true,0,,,,,
NORMAL_LOAD,50,1001,IEEE_BASELINE,47,7,72.06,9.38,112.75,155.53,164.91,83.47,92.85,true,2,,,,,
NORMAL_LOAD,50,1001,IEEE_BASELINE,48,10,72.99,7.56,102.89,151.62,159.18,78.63,86.19,true,0,,,,,
NORMAL_LOAD,50,1001,IEEE_BASELINE,49,4,73.74,19.35,124.34,129.13,148.48,55.39,74.74,true,3,,,,,
NORMAL_LOAD,50,1001,PROPOSED_DEADLINE_AWARE,0,5,0.00,15.67,47.31,0.10,15.77,0.10,15.77,false,0,0.3568,0.3637,0.0020,0.5000,31.54
NORMAL_LOAD,50,1001,PROPOSED_DEADLINE_AWARE,1,4,1.99,10.56,30.90,2.09,12.65,0.10,10.66,false,1,0.3497,0.4194,0.0020,0.4000,18.25
NORMAL_LOAD,50,1001,PROPOSED_DEADLINE_AWARE,2,6,2.85,12.60,56.86,2.95,15.55,0.10,12.70,false,2,0.3063,0.1927,0.0020,0.6000,41.31
NORMAL_LOAD,50,1001,PROPOSED_DEADLINE_AWARE,3,5,4.68,10.31,40.74,4.78,15.09,0.10,10.41,false,3,0.3177,0.2854,0.0020,0.5000,25.65
NORMAL_LOAD,50,1001,PROPOSED_DEADLINE_AWARE,4,3,6.42,7.76,30.40,12.76,20.52,6.34,14.10,false,1,0.3781,0.5134,0.1191,0.3000,9.88
NORMAL_LOAD,50,1001,PROPOSED_DEADLINE_AWARE,5,6,7.29,7.21,31.58,20.63,27.84,13.34,20.55,false,1,0.6107,0.7398,0.2342,0.6000,3.74
NORMAL_LOAD,50,1001,PROPOSED_DEADLINE_AWARE,6,2,7.94,13.81,69.48,15.88,29.69,7.94,21.75,false,0,0.6765,1.0000,0.1468,0.2000,39.79
NORMAL_LOAD,50,1001,PROPOSED_DEADLINE_AWARE,7,2,8.86,9.55,33.37,15.66,25.21,6.80,16.35,false,2,0.6075,1.0000,0.1272,0.2000,8.16
NORMAL_LOAD,50,1001,PROPOSED_DEADLINE_AWARE,8,10,9.83,10.96,52.33,15.20,26.16,5.37,16.33,false,3,0.5113,0.2946,0.1018,1.0000,26.17
NORMAL_LOAD,50,1001,PROPOSED_DEADLINE_AWARE,9,4,10.58,14.30,54.45,26.27,40.57,15.69,29.99,false,3,0.5643,0.7576,0.2693,0.4000,13.88
NORMAL_LOAD,50,1001,PROPOSED_DEADLINE_AWARE,10,9,11.24,18.19,69.95,29.80,47.99,18.56,36.75,false,0,0.5108,0.3673,0.3101,0.9000,21.96
NORMAL_LOAD,50,1001,PROPOSED_DEADLINE_AWARE,11,10,13.27,10.20,43.72,25.32,35.52,12.05,22.25,false,2,0.5591,0.4058,0.2142,1.0000,8.20
NORMAL_LOAD,50,1001,PROPOSED_DEADLINE_AWARE,12,2,14.71,8.56,52.30,40.68,49.24,25.97,34.53,false,3,0.6284,1.0000,0.4051,0.2000,3.06
NORMAL_LOAD,50,1001,PROPOSED_DEADLINE_AWARE,13,6,15.41,6.68,37.29,49.35,56.03,33.94,40.62,true,3,0.5799,0.6882,0.4928,0.6000,-18.74
NORMAL_LOAD,50,1001,PROPOSED_DEADLINE_AWARE,14,3,16.72,17.51,73.51,56.14,73.65,39.42,56.93,true,3,0.6546,0.9692,0.5454,0.3000,-0.14
NORMAL_LOAD,50,1001,PROPOSED_DEADLINE_AWARE,15,3,19.19,13.51,52.91,48.10,61.61,28.91,42.42,true,0,0.5418,0.8060,0.4391,0.3000,-8.70
NORMAL_LOAD,50,1001,PROPOSED_DEADLINE_AWARE,16,2,21.06,12.96,54.49,35.63,48.59,14.57,27.53,false,2,0.4880,0.7707,0.2528,0.2000,5.90
NORMAL_LOAD,50,1001,PROPOSED_DEADLINE_AWARE,17,5,23.25,17.61,93.34,73.76,91.37,50.51,68.12,false,3,0.7033,0.9078,0.6359,0.5000,1.97
NORMAL_LOAD,50,1001,PROPOSED_DEADLINE_AWARE,18,10,25.73,14.45,69.44,27.95,42.40,2.22,16.67,false,1,0.5442,0.3793,0.0434,1.0000,27.04
NORMAL_LOAD,50,1001,PROPOSED_DEADLINE_AWARE,19,5,26.62,9.38,65.19,42.51,51.89,15.89,25.27,false,1,0.6835,0.9104,0.2723,0.5000,13.30
NORMAL_LOAD,50,1001,PROPOSED_DEADLINE_AWARE,20,3,27.14,19.33,88.98,48.70,68.03,21.56,40.89,false,2,0.6833,1.0000,0.3503,0.3000,20.95
NORMAL_LOAD,50,1001,PROPOSED_DEADLINE_AWARE,21,6,28.20,12.64,73.82,61.72,74.36,33.52,46.16,true,0,0.6574,0.7893,0.4885,0.6000,-0.54
NORMAL_LOAD,50,1001,PROPOSED_DEADLINE_AWARE,22,4,30.24,17.30,96.10,52.00,69.30,21.76,39.06,false,1,0.7141,1.0000,0.3529,0.4000,26.80
NORMAL_LOAD,50,1001,PROPOSED_DEADLINE_AWARE,23,5,31.62,8.34,58.37,74.47,82.81,42.85,51.19,true,0,0.6270,0.8329,0.5756,0.5000,-24.44
NORMAL_LOAD,50,1001,PROPOSED_DEADLINE_AWARE,24,10,33.65,14.78,92.44,68.14,82.92,34.49,49.27,false,2,0.5639,0.3616,0.4983,1.0000,9.52
NORMAL_LOAD,50,1001,PROPOSED_DEADLINE_AWARE,25,3,34.16,17.41,85.39,91.48,108.89,57.32,74.73,true,3,0.6969,1.0000,0.6822,0.3000,-23.50
NORMAL_LOAD,50,1001,PROPOSED_DEADLINE_AWARE,26,10,36.31,12.65,73.07,69.41,82.06,33.10,45.75,true,1,0.5999,0.4709,0.4842,1.0000,-8.99
NORMAL_LOAD,50,1001,PROPOSED_DEADLINE_AWARE,27,4,37.17,9.72,71.04,82.17,91.89,45.00,54.72,true,1,0.6988,1.0000,0.5934,0.4000,-20.85
NORMAL_LOAD,50,1001,PROPOSED_DEADLINE_AWARE,28,7,38.76,12.01,90.47,82.92,94.93,44.16,56.17,true,0,0.7167,0.8198,0.5865,0.7000,-4.46
NORMAL_LOAD,50,1001,PROPOSED_DEADLINE_AWARE,29,2,40.97,7.34,60.48,109.00,116.34,68.03,75.37,true,3,0.6663,1.0000,0.7435,0.2000,-55.86
NORMAL_LOAD,50,1001,PROPOSED_DEADLINE_AWARE,30,3,42.94,17.72,104.87,92.00,109.72,49.06,66.78,true,1,0.6945,1.0000,0.6251,0.3000,-4.85
NORMAL_LOAD,50,1001,PROPOSED_DEADLINE_AWARE,31,8,44.78,13.27,80.49,83.03,96.30,38.25,51.52,true,2,0.7365,0.8344,0.5347,0.8000,-15.81
NORMAL_LOAD,50,1001,PROPOSED_DEADLINE_AWARE,32,2,46.03,7.23,77.55,109.83,117.06,63.80,71.03,true,1,0.6659,1.0000,0.7208,0.2000,-39.51
NORMAL_LOAD,50,1001,PROPOSED_DEADLINE_AWARE,33,4,47.73,15.97,107.56,116.45,132.42,68.72,84.69,true,3,0.7148,1.0000,0.7470,0.4000,-24.86
NORMAL_LOAD,50,1001,PROPOSED_DEADLINE_AWARE,34,8,49.81,6.04,70.41,117.17,123.21,67.36,73.40,true,1,0.7706,0.9168,0.7400,0.8000,-52.80
NORMAL_LOAD,50,1001,PROPOSED_DEADLINE_AWARE,35,4,52.26,11.65,96.90,95.04,106.69,42.78,54.43,true,0,0.7002,1.0000,0.5750,0.4000,-9.79
NORMAL_LOAD,50,1001,PROPOSED_DEADLINE_AWARE,36,9,54.51,6.06,75.91,106.80,112.86,52.29,58.35,true,0,0.7668,0.8403,0.6486,0.9000,-36.95
NORMAL_LOAD,50,1001,PROPOSED_DEADLINE_AWARE,37,3,55.46,9.69,84.81,96.41,106.10,40.95,50.64,true,2,0.6880,1.0000,0.5591,0.3000,-21.29
NORMAL_LOAD,50,1001,PROPOSED_DEADLINE_AWARE,38,8,57.47,16.55,125.44,106.21,122.76,48.74,65.29,false,2,0.7422,0.7847,0.6227,0.8000,2.68
NORMAL_LOAD,50,1001,PROPOSED_DEADLINE_AWARE,39,2,59.82,8.07,81.57,132.53,140.60,72.71,80.78,true,3,0.6614,1.0000,0.7664,0.2000,-59.03
NORMAL_LOAD,50,1001,PROPOSED_DEADLINE_AWARE,40,2,60.81,16.12,111.49,123.32,139.44,62.51,78.63,true,1,0.6627,1.0000,0.7136,0.2000,-27.95
NORMAL_LOAD,50,1001,PROPOSED_DEADLINE_AWARE,41,1,63.02,8.20,96.32,112.97,121.17,49.95,58.15,true,0,0.6278,1.0000,0.6318,0.1000,-24.85
NORMAL_LOAD,50,1001,PROPOSED_DEADLINE_AWARE,42,3,64.37,16.10,129.98,122.87,138.97,58.50,74.60,true,2,0.6884,1.0000,0.6896,0.3000,-8.99
NORMAL_LOAD,50,1001,PROPOSED_DEADLINE_AWARE,43,8,65.73,13.97,117.11,121.28,135.25,55.55,69.52,true,0,0.7412,0.8062,0.6708,0.8000,-18.14
NORMAL_LOAD,50,1001,PROPOSED_DEADLINE_AWARE,44,7,66.59,6.21,83.38,139.08,145.29,72.49,78.70,true,2,0.7078,0.8792,0.7654,0.7000,-61.91
NORMAL_LOAD,50,1001,PROPOSED_DEADLINE_AWARE,45,2,67.69,19.58,124.06,145.40,164.98,77.71,97.29,true,2,0.6602,1.0000,0.7886,0.2000,-40.92
NORMAL_LOAD,50,1001,PROPOSED_DEADLINE_AWARE,46,10,69.80,11.59,115.00,139.55,151.14,69.75,81.34,true,1,0.7655,0.7273,0.7522,1.0000,-36.14
NORMAL_LOAD,50,1001,PROPOSED_DEADLINE_AWARE,47,7,72.06,9.38,112.75,151.25,160.63,79.19,88.57,true,1,0.8074,1.0000,0.7948,0.7000,-47.88
NORMAL_LOAD,50,1001,PROPOSED_DEADLINE_AWARE,48,10,72.99,7.56,102.89,140.71,148.27,67.72,75.28,true,3,0.7339,0.6918,0.7419,1.0000,-45.38
NORMAL_LOAD,50,1001,PROPOSED_DEADLINE_AWARE,49,4,73.74,19.35,124.34,135.36,154.71,61.62,80.97,true,0,0.7042,1.0000,0.7084,0.4000,-30.37
NORMAL_LOAD,100,1001,IEEE_BASELINE,0,5,0.00,15.67,47.31,0.10,15.77,0.10,15.77,false,0,,,,,
NORMAL_LOAD,100,1001,IEEE_BASELINE,1,4,1.99,10.56,30.90,2.09,12.65,0.10,10.66,false,1,,,,,
NORMAL_LOAD,100,1001,IEEE_BASELINE,2,6,2.85,12.60,56.86,2.95,15.55,0.10,12.70,false,2,,,,,
NORMAL_LOAD,100,1001,IEEE_BASELINE,3,5,4.68,10.31,40.74,4.78,15.09,0.10,10.41,false,3,,,,,
NORMAL_LOAD,100,1001,IEEE_BASELINE,4,3,6.42,7.76,30.40,12.76,20.52,6.34,14.10,false,1,,,,,
NORMAL_LOAD,100,1001,IEEE_BASELINE,5,6,7.29,7.11,31.58,20.63,27.74,13.34,20.45,false,1,,,,,
NORMAL_LOAD,100,1001,IEEE_BASELINE,6,2,7.94,13.81,69.48,15.88,29.69,7.94,21.75,false,0,,,,,
NORMAL_LOAD,100,1001,IEEE_BASELINE,7,2,8.86,9.55,33.37,27.85,37.40,18.99,28.54,true,1,,,,,
NORMAL_LOAD,100,1001,IEEE_BASELINE,8,10,9.83,10.96,52.33,29.80,40.76,19.97,30.93,false,0,,,,,
NORMAL_LOAD,100,1001,IEEE_BASELINE,9,4,10.58,14.25,54.45,15.66,29.91,5.08,19.33,false,2,,,,,
NORMAL_LOAD,100,1001,IEEE_BASELINE,10,9,11.24,18.17,69.95,15.20,33.37,3.96,22.13,false,3,,,,,
NORMAL_LOAD,100,1001,IEEE_BASELINE,11,10,13.27,10.12,43.72,33.48,43.60,20.21,30.33,false,3,,,,,
NORMAL_LOAD,100,1001,IEEE_BASELINE,12,2,14.71,8.56,52.30,37.51,46.07,22.80,31.36,false,1,,,,,
NORMAL_LOAD,100,1001,IEEE_BASELINE,13,6,15.41,6.68,37.29,40.87,47.55,25.46,32.14,true,0,,,,,
NORMAL_LOAD,100,1001,IEEE_BASELINE,14,3,16.72,17.46,73.51,43.71,61.17,26.99,44.45,false,3,,,,,
NORMAL_LOAD,100,1001,IEEE_BASELINE,15,3,19.19,13.51,52.91,47.66,61.17,28.47,41.98,true,0,,,,,
NORMAL_LOAD,100,1001,IEEE_BASELINE,16,2,21.06,12.95,54.49,30.02,42.97,8.96,21.91,false,2,,,,,
NORMAL_LOAD,100,1001,IEEE_BASELINE,17,5,23.25,17.64,93.34,61.28,78.92,38.03,55.67,false,3,,,,,
NORMAL_LOAD,100,1001,IEEE_BASELINE,18,10,25.73,14.45,69.44,79.03,93.48,53.30,67.75,true,3,,,,,
NORMAL_LOAD,100,1001,IEEE_BASELINE,19,5,26.62,9.38,65.19,93.59,102.97,66.97,76.35,true,3,,,,,
NORMAL_LOAD,100,1001,IEEE_BASELINE,20,3,27.14,19.27,88.98,103.08,122.35,75.94,95.21,true,3,,,,,
NORMAL_LOAD,100,1001,IEEE_BASELINE,21,6,28.20,12.64,73.82,43.08,55.72,14.88,27.52,false,2,,,,,
NORMAL_LOAD,100,1001,IEEE_BASELINE,22,4,30.24,17.33,96.10,55.83,73.16,25.59,42.92,false,2,,,,,
NORMAL_LOAD,100,1001,IEEE_BASELINE,23,5,31.62,8.34,58.37,46.18,54.52,14.56,22.90,false,1,,,,,
NORMAL_LOAD,100,1001,IEEE_BASELINE,24,10,33.65,14.82,92.44,61.28,76.10,27.63,42.45,false,0,,,,,
NORMAL_LOAD,100,1001,IEEE_BASELINE,25,3,34.16,17.31,85.39,60.78,78.09,26.62,43.93,false,1,,,,,
NORMAL_LOAD,100,1001,IEEE_BASELINE,26,10,36.31,12.62,73.07,73.27,85.89,36.96,49.58,true,2,,,,,
NORMAL_LOAD,100,1001,IEEE_BASELINE,27,4,37.17,9.68,71.04,76.21,85.89,39.04,48.72,true,0,,,,,
NORMAL_LOAD,100,1001,IEEE_BASELINE,28,7,38.76,12.01,90.47,86.00,98.01,47.24,59.25,true,2,,,,,
NORMAL_LOAD,100,1001,IEEE_BASELINE,29,2,40.97,7.37,60.48,122.46,129.83,81.49,88.86,true,3,,,,,
NORMAL_LOAD,100,1001,IEEE_BASELINE,30,3,42.94,17.64,104.87,86.00,103.64,43.06,60.70,false,0,,,,,
NORMAL_LOAD,100,1001,IEEE_BASELINE,31,8,44.78,13.31,80.49,103.75,117.06,58.97,72.28,true,0,,,,,
NORMAL_LOAD,100,1001,IEEE_BASELINE,32,2,46.03,7.23,77.55,129.94,137.17,83.91,91.14,true,3,,,,,
NORMAL_LOAD,100,1001,IEEE_BASELINE,33,4,47.73,15.88,107.56,117.17,133.05,69.44,85.32,true,0,,,,,
NORMAL_LOAD,100,1001,IEEE_BASELINE,34,8,49.81,6.04,70.41,133.16,139.20,83.35,89.39,true,0,,,,,
NORMAL_LOAD,100,1001,IEEE_BASELINE,35,4,52.26,11.65,96.90,98.12,109.77,45.86,57.51,true,2,,,,,
NORMAL_LOAD,100,1001,IEEE_BASELINE,36,9,54.51,6.06,75.91,54.61,60.67,0.10,6.16,false,1,,,,,
NORMAL_LOAD,100,1001,IEEE_BASELINE,37,3,55.46,9.69,84.81,78.20,87.89,22.74,32.43,true,1,,,,,
NORMAL_LOAD,100,1001,IEEE_BASELINE,38,8,57.47,16.55,125.44,88.00,104.55,30.53,47.08,false,1,,,,,
NORMAL_LOAD,100,1001,IEEE_BASELINE,39,2,59.82,8.07,81.57,137.28,145.35,77.46,85.53,true,3,,,,,
NORMAL_LOAD,100,1001,IEEE_BASELINE,40,2,60.81,16.20,111.49,109.88,126.08,49.07,65.27,true,2,,,,,
NORMAL_LOAD,100,1001,IEEE_BASELINE,41,1,63.02,8.20,96.32,104.66,112.86,41.64,49.84,true,1,,,,,
NORMAL_LOAD,100,1001,IEEE_BASELINE,42,3,64.37,16.15,129.98,139.31,155.46,74.94,91.09,true,0,,,,,
NORMAL_LOAD,100,1001,IEEE_BASELINE,43,8,65.73,13.97,117.11,112.97,126.94,47.24,61.21,true,1,,,,,
NORMAL_LOAD,100,1001,IEEE_BASELINE,44,7,66.59,6.11,83.38,127.05,133.16,60.46,66.57,true,1,,,,,
NORMAL_LOAD,100,1001,IEEE_BASELINE,45,2,67.69,19.58,124.06,126.19,145.77,58.50,78.08,true,2,,,,,
NORMAL_LOAD,100,1001,IEEE_BASELINE,46,10,69.80,11.59,115.00,155.57,167.16,85.77,97.36,true,0,,,,,
NORMAL_LOAD,100,1001,IEEE_BASELINE,47,7,72.06,9.38,112.75,167.27,176.65,95.21,104.59,true,0,,,,,
NORMAL_LOAD,100,1001,IEEE_BASELINE,48,10,72.99,7.46,102.89,145.88,153.34,72.89,80.35,true,2,,,,,
NORMAL_LOAD,100,1001,IEEE_BASELINE,49,4,73.74,19.28,124.34,176.76,196.04,103.02,122.30,true,0,,,,,
NORMAL_LOAD,100,1001,IEEE_BASELINE,50,3,74.97,16.27,141.99,153.45,169.72,78.48,94.75,true,2,,,,,
NORMAL_LOAD,100,1001,IEEE_BASELINE,51,10,75.98,8.94,114.38,145.46,154.40,69.48,78.42,true,3,,,,,
NORMAL_LOAD,100,1001,IEEE_BASELINE,52,5,78.24,17.84,134.49,169.83,187.67,91.59,109.43,true,2,,,,,
NORMAL_LOAD,100,1001,IEEE_BASELINE,53,10,80.40,15.72,127.02,133.27,148.99,52.87,68.59,true,1,,,,,
NORMAL_LOAD,100,1001,IEEE_BASELINE,54,5,81.14,18.40,140.78,149.10,167.50,67.96,86.36,true,1,,,,,
NORMAL_LOAD,100,1001,IEEE_BASELINE,55,3,82.86,5.18,96.24,187.78,192.96,104.92,110.10,true,2,,,,,
NORMAL_LOAD,100,1001,IEEE_BASELINE,56,6,83.93,8.50,114.79,196.15,204.65,112.22,120.72,true,0,,,,,
NORMAL_LOAD,100,1001,IEEE_BASELINE,57,3,84.56,18.23,155.44,154.51,172.74,69.95,88.18,true,3,,,,,
NORMAL_LOAD,100,1001,IEEE_BASELINE,58,5,85.66,6.87,106.48,172.85,179.72,87.19,94.06,true,3,,,,,
NORMAL_LOAD,100,1001,IEEE_BASELINE,59,7,86.22,19.08,158.93,167.61,186.69,81.39,100.47,true,1,,,,,
NORMAL_LOAD,100,1001,IEEE_BASELINE,60,4,86.91,9.06,116.15,179.83,188.89,92.92,101.98,true,3,,,,,
NORMAL_LOAD,100,1001,IEEE_BASELINE,61,9,88.00,14.73,135.51,186.80,201.53,98.80,113.53,true,1,,,,,
NORMAL_LOAD,100,1001,IEEE_BASELINE,62,10,89.53,18.35,136.70,189.00,207.35,99.47,117.82,true,3,,,,,
NORMAL_LOAD,100,1001,IEEE_BASELINE,63,6,91.49,5.71,113.84,201.64,207.35,110.15,115.86,true,1,,,,,
NORMAL_LOAD,100,1001,IEEE_BASELINE,64,5,92.77,8.82,125.27,207.46,216.28,114.69,123.51,true,1,,,,,
NORMAL_LOAD,100,1001,IEEE_BASELINE,65,4,93.28,9.71,134.94,204.76,214.47,111.48,121.19,true,0,,,,,
NORMAL_LOAD,100,1001,IEEE_BASELINE,66,7,95.03,18.67,172.72,216.39,235.06,121.36,140.03,true,1,,,,,
NORMAL_LOAD,100,1001,IEEE_BASELINE,67,3,97.35,19.75,157.43,193.07,212.82,95.72,115.47,true,2,,,,,
NORMAL_LOAD,100,1001,IEEE_BASELINE,68,1,98.85,9.43,136.11,207.46,216.89,108.61,118.04,true,3,,,,,
NORMAL_LOAD,100,1001,IEEE_BASELINE,69,8,100.73,15.29,163.70,214.58,229.87,113.85,129.14,true,0,,,,,
NORMAL_LOAD,100,1001,IEEE_BASELINE,70,4,101.59,7.59,132.63,212.93,220.52,111.34,118.93,true,2,,,,,
NORMAL_LOAD,100,1001,IEEE_BASELINE,71,4,102.77,18.10,158.59,229.98,248.08,127.21,145.31,true,0,,,,,
NORMAL_LOAD,100,1001,IEEE_BASELINE,72,8,103.82,7.39,125.41,248.19,255.58,144.37,151.76,true,0,,,,,
NORMAL_LOAD,100,1001,IEEE_BASELINE,73,5,106.21,17.95,170.43,217.00,234.95,110.79,128.74,true,3,,,,,
NORMAL_LOAD,100,1001,IEEE_BASELINE,74,6,108.58,15.96,179.53,235.17,251.13,126.59,142.55,true,1,,,,,
NORMAL_LOAD,100,1001,IEEE_BASELINE,75,7,109.29,15.24,161.22,235.06,250.30,125.77,141.01,true,3,,,,,
NORMAL_LOAD,100,1001,IEEE_BASELINE,76,5,109.99,9.07,150.06,250.41,259.48,140.42,149.49,true,3,,,,,
NORMAL_LOAD,100,1001,IEEE_BASELINE,77,8,111.22,7.67,142.47,251.24,258.91,140.02,147.69,true,1,,,,,
NORMAL_LOAD,100,1001,IEEE_BASELINE,78,6,111.94,11.94,157.62,220.63,232.57,108.69,120.63,true,2,,,,,
NORMAL_LOAD,100,1001,IEEE_BASELINE,79,4,113.38,19.71,166.16,259.59,279.30,146.21,165.92,true,3,,,,,
NORMAL_LOAD,100,1001,IEEE_BASELINE,80,8,114.80,9.01,140.98,232.68,241.69,117.88,126.89,true,2,,,,,
NORMAL_LOAD,100,1001,IEEE_BASELINE,81,2,115.75,15.37,154.53,259.02,274.39,143.27,158.64,true,1,,,,,
NORMAL_LOAD,100,1001,IEEE_BASELINE,82,7,117.83,8.85,144.71,255.69,264.54,137.86,146.71,true,0,,,,,
NORMAL_LOAD,100,1001,IEEE_BASELINE,83,9,118.77,11.26,156.89,264.65,275.91,145.88,157.14,true,0,,,,,
NORMAL_LOAD,100,1001,IEEE_BASELINE,84,4,119.50,6.95,143.78,276.02,282.97,156.52,163.47,true,0,,,,,
NORMAL_LOAD,100,1001,IEEE_BASELINE,85,9,120.49,6.39,141.75,241.80,248.19,121.31,127.70,true,2,,,,,
NORMAL_LOAD,100,1001,IEEE_BASELINE,86,3,122.26,15.79,175.64,248.30,264.09,126.04,141.83,true,2,,,,,
NORMAL_LOAD,100,1001,IEEE_BASELINE,87,7,124.50,10.08,157.41,264.20,274.28,139.70,149.78,true,2,,,,,
NORMAL_LOAD,100,1001,IEEE_BASELINE,88,5,125.35,12.71,159.64,274.50,287.21,149.15,161.86,true,1,,,,,
NORMAL_LOAD,100,1001,IEEE_BASELINE,89,7,127.25,9.50,158.68,279.41,288.91,152.16,161.66,true,3,,,,,
NORMAL_LOAD,100,1001,IEEE_BASELINE,90,10,129.66,5.49,147.34,287.32,292.81,157.66,163.15,true,1,,,,,
NORMAL_LOAD,100,1001,IEEE_BASELINE,91,8,130.93,9.32,170.90,292.92,302.24,161.99,171.31,true,1,,,,,
NORMAL_LOAD,100,1001,IEEE_BASELINE,92,1,132.93,16.74,198.73,274.39,291.13,141.46,158.20,true,2,,,,,
NORMAL_LOAD,100,1001,IEEE_BASELINE,93,9,133.63,16.84,203.06,283.08,299.92,149.45,166.29,true,0,,,,,
NORMAL_LOAD,100,1001,IEEE_BASELINE,94,2,134.64,12.34,170.53,300.03,312.37,165.39,177.73,true,0,,,,,
NORMAL_LOAD,100,1001,IEEE_BASELINE,95,2,135.28,15.16,177.19,289.02,304.18,153.74,168.90,true,3,,,,,
NORMAL_LOAD,100,1001,IEEE_BASELINE,96,9,136.99,15.66,188.11,291.24,306.90,154.25,169.91,true,2,,,,,
NORMAL_LOAD,100,1001,IEEE_BASELINE,97,5,138.56,15.66,191.15,304.29,319.95,165.73,181.39,true,3,,,,,
NORMAL_LOAD,100,1001,IEEE_BASELINE,98,1,140.77,6.80,170.36,302.35,309.15,161.58,168.38,true,1,,,,,
NORMAL_LOAD,100,1001,IEEE_BASELINE,99,10,141.50,9.78,172.15,307.01,316.79,165.51,175.29,true,2,,,,,
NORMAL_LOAD,100,1001,PROPOSED_DEADLINE_AWARE,0,5,0.00,15.67,47.31,0.10,15.77,0.10,15.77,false,0,0.3568,0.3637,0.0020,0.5000,31.54
NORMAL_LOAD,100,1001,PROPOSED_DEADLINE_AWARE,1,4,1.99,10.56,30.90,2.09,12.65,0.10,10.66,false,1,0.3497,0.4194,0.0020,0.4000,18.25
NORMAL_LOAD,100,1001,PROPOSED_DEADLINE_AWARE,2,6,2.85,12.60,56.86,2.95,15.55,0.10,12.70,false,2,0.3063,0.1927,0.0020,0.6000,41.31
NORMAL_LOAD,100,1001,PROPOSED_DEADLINE_AWARE,3,5,4.68,10.31,40.74,4.78,15.09,0.10,10.41,false,3,0.3177,0.2854,0.0020,0.5000,25.65
NORMAL_LOAD,100,1001,PROPOSED_DEADLINE_AWARE,4,3,6.42,7.76,30.40,12.76,20.52,6.34,14.10,false,1,0.3781,0.5134,0.1191,0.3000,9.88
NORMAL_LOAD,100,1001,PROPOSED_DEADLINE_AWARE,5,6,7.29,7.21,31.58,20.63,27.84,13.34,20.55,false,1,0.6107,0.7398,0.2342,0.6000,3.74
NORMAL_LOAD,100,1001,PROPOSED_DEADLINE_AWARE,6,2,7.94,13.81,69.48,15.66,29.47,7.72,21.53,false,2,0.6954,1.0000,0.1431,0.2000,40.01
NORMAL_LOAD,100,1001,PROPOSED_DEADLINE_AWARE,7,2,8.86,9.55,33.37,29.58,39.13,20.72,30.27,true,2,0.6075,1.0000,0.3393,0.2000,-5.76
NORMAL_LOAD,100,1001,PROPOSED_DEADLINE_AWARE,8,10,9.83,10.96,52.33,15.20,26.16,5.37,16.33,false,3,0.5113,0.2946,0.1018,1.0000,26.17
NORMAL_LOAD,100,1001,PROPOSED_DEADLINE_AWARE,9,4,10.58,14.30,54.45,26.27,40.57,15.69,29.99,false,3,0.5643,0.7576,0.2693,0.4000,13.88
NORMAL_LOAD,100,1001,PROPOSED_DEADLINE_AWARE,10,9,11.24,18.19,69.95,15.88,34.07,4.64,22.83,false,0,0.5108,0.3673,0.0886,0.9000,35.88
NORMAL_LOAD,100,1001,PROPOSED_DEADLINE_AWARE,11,10,13.27,10.11,43.72,39.24,49.35,25.97,36.08,true,2,0.5591,0.4058,0.4051,1.0000,-5.63
NORMAL_LOAD,100,1001,PROPOSED_DEADLINE_AWARE,12,2,14.71,8.56,52.30,40.68,49.24,25.97,34.53,false,3,0.6284,1.0000,0.4051,0.2000,3.06
NORMAL_LOAD,100,1001,PROPOSED_DEADLINE_AWARE,13,6,15.41,6.68,37.29,49.35,56.03,33.94,40.62,true,3,0.5799,0.6882,0.4928,0.6000,-18.74
NORMAL_LOAD,100,1001,PROPOSED_DEADLINE_AWARE,14,3,16.72,17.52,73.51,56.14,73.66,39.42,56.94,true,3,0.6546,0.9692,0.5454,0.3000,-0.15
NORMAL_LOAD,100,1001,PROPOSED_DEADLINE_AWARE,15,3,19.19,13.44,52.91,34.18,47.62,14.99,28.43,false,0,0.5418,0.8060,0.2590,0.3000,5.29
NORMAL_LOAD,100,1001,PROPOSED_DEADLINE_AWARE,16,2,21.06,12.95,54.49,49.46,62.41,28.40,41.35,true,2,0.4880,0.7707,0.4333,0.2000,-7.92
NORMAL_LOAD,100,1001,PROPOSED_DEADLINE_AWARE,17,5,23.25,17.56,93.34,73.77,91.33,50.52,68.08,false,3,0.7033,0.9078,0.6359,0.5000,2.01
NORMAL_LOAD,100,1001,PROPOSED_DEADLINE_AWARE,18,10,25.73,14.45,69.44,27.95,42.40,2.22,16.67,false,1,0.5442,0.3793,0.0434,1.0000,27.04
NORMAL_LOAD,100,1001,PROPOSED_DEADLINE_AWARE,19,5,26.62,9.38,65.19,42.51,51.89,15.89,25.27,false,1,0.6835,0.9104,0.2723,0.5000,13.30
NORMAL_LOAD,100,1001,PROPOSED_DEADLINE_AWARE,20,3,27.14,19.34,88.98,62.52,81.86,35.38,54.72,false,2,0.6833,1.0000,0.5072,0.3000,7.12
NORMAL_LOAD,100,1001,PROPOSED_DEADLINE_AWARE,21,6,28.20,12.61,73.82,47.73,60.34,19.53,32.14,false,0,0.6574,0.7893,0.3233,0.6000,13.48
NORMAL_LOAD,100,1001,PROPOSED_DEADLINE_AWARE,22,4,30.24,17.33,96.10,52.00,69.33,21.76,39.09,false,1,0.7141,1.0000,0.3529,0.4000,26.77
NORMAL_LOAD,100,1001,PROPOSED_DEADLINE_AWARE,23,5,31.62,8.34,58.37,60.45,68.79,28.83,37.17,true,0,0.6270,0.8329,0.4382,0.5000,-10.42
NORMAL_LOAD,100,1001,PROPOSED_DEADLINE_AWARE,24,10,33.65,14.82,92.44,81.97,96.79,48.32,63.14,true,2,0.5639,0.3616,0.6195,1.0000,-4.35
NORMAL_LOAD,100,1001,PROPOSED_DEADLINE_AWARE,25,3,34.16,17.41,85.39,96.90,114.31,62.74,80.15,true,2,0.7243,1.0000,0.7149,0.3000,-28.92
NORMAL_LOAD,100,1001,PROPOSED_DEADLINE_AWARE,26,10,36.31,12.64,73.07,69.44,82.08,33.13,45.77,true,1,0.5999,0.4709,0.4845,1.0000,-9.01
NORMAL_LOAD,100,1001,PROPOSED_DEADLINE_AWARE,27,4,37.17,9.72,71.04,82.19,91.91,45.02,54.74,true,1,0.6988,1.0000,0.5936,0.4000,-20.87
NORMAL_LOAD,100,1001,PROPOSED_DEADLINE_AWARE,28,7,38.76,11.98,90.47,68.90,80.88,30.14,42.12,false,0,0.7167,0.8198,0.4527,0.7000,9.59
NORMAL_LOAD,100,1001,PROPOSED_DEADLINE_AWARE,29,2,40.97,7.35,60.48,91.44,98.79,50.47,57.82,true,3,0.6931,1.0000,0.6356,0.2000,-38.31
NORMAL_LOAD,100,1001,PROPOSED_DEADLINE_AWARE,30,3,42.94,17.72,104.87,98.90,116.62,55.96,73.68,true,3,0.7239,1.0000,0.6735,0.3000,-11.75
NORMAL_LOAD,100,1001,PROPOSED_DEADLINE_AWARE,31,8,44.78,13.31,80.49,114.42,127.73,69.64,82.95,true,2,0.7365,0.8344,0.7516,0.8000,-47.24
NORMAL_LOAD,100,1001,PROPOSED_DEADLINE_AWARE,32,2,46.03,7.23,77.55,92.02,99.25,45.99,53.22,true,1,0.6931,1.0000,0.6014,0.2000,-21.70
NORMAL_LOAD,100,1001,PROPOSED_DEADLINE_AWARE,33,4,47.73,15.97,107.56,116.73,132.70,69.00,84.97,true,3,0.7148,1.0000,0.7484,0.4000,-25.14
NORMAL_LOAD,100,1001,PROPOSED_DEADLINE_AWARE,34,8,49.81,6.04,70.41,99.36,105.40,49.55,55.59,true,1,0.7706,0.9168,0.6288,0.8000,-34.99
NORMAL_LOAD,100,1001,PROPOSED_DEADLINE_AWARE,35,4,52.26,11.63,96.90,80.99,92.62,28.73,40.36,false,0,0.7002,1.0000,0.4371,0.4000,4.28
NORMAL_LOAD,100,1001,PROPOSED_DEADLINE_AWARE,36,9,54.51,6.06,75.91,92.73,98.79,38.22,44.28,true,0,0.7668,0.8403,0.5344,0.9000,-22.88
NORMAL_LOAD,100,1001,PROPOSED_DEADLINE_AWARE,37,3,55.46,9.59,84.81,105.51,115.10,50.05,59.64,true,1,0.7231,1.0000,0.6325,0.3000,-30.29
NORMAL_LOAD,100,1001,PROPOSED_DEADLINE_AWARE,38,8,57.47,16.55,125.44,127.84,144.39,70.37,86.92,true,2,0.8568,1.0000,0.7552,0.8000,-18.95
NORMAL_LOAD,100,1001,PROPOSED_DEADLINE_AWARE,39,2,59.82,8.00,81.57,144.50,152.50,84.68,92.68,true,2,0.6918,1.0000,0.8161,0.2000,-70.93
NORMAL_LOAD,100,1001,PROPOSED_DEADLINE_AWARE,40,2,60.81,16.20,111.49,98.90,115.10,38.09,54.29,true,0,0.6917,1.0000,0.5332,0.2000,-3.61
NORMAL_LOAD,100,1001,PROPOSED_DEADLINE_AWARE,41,1,63.02,8.14,96.32,152.61,160.75,89.59,97.73,true,2,0.6585,1.0000,0.8333,0.1000,-64.43
NORMAL_LOAD,100,1001,PROPOSED_DEADLINE_AWARE,42,3,64.37,16.15,129.98,115.21,131.36,50.84,66.99,true,0,0.7224,1.0000,0.6382,0.3000,-1.38
NORMAL_LOAD,100,1001,PROPOSED_DEADLINE_AWARE,43,8,65.73,13.97,117.11,131.47,145.44,65.74,79.71,true,0,0.7412,0.8062,0.7315,0.8000,-28.33
NORMAL_LOAD,100,1001,PROPOSED_DEADLINE_AWARE,44,7,66.59,6.19,83.38,160.86,167.05,94.27,100.46,true,2,0.7078,0.8792,0.8482,0.7000,-83.67
NORMAL_LOAD,100,1001,PROPOSED_DEADLINE_AWARE,45,2,67.69,19.58,124.06,132.81,152.39,65.12,84.70,true,3,0.6911,1.0000,0.7281,0.2000,-28.33
NORMAL_LOAD,100,1001,PROPOSED_DEADLINE_AWARE,46,10,69.80,11.56,115.00,115.21,126.77,45.41,56.97,true,1,0.7655,0.7273,0.5968,1.0000,-11.77
NORMAL_LOAD,100,1001,PROPOSED_DEADLINE_AWARE,47,7,72.06,9.38,112.75,145.55,154.93,73.49,82.87,true,0,0.8108,1.0000,0.7700,0.7000,-42.18
NORMAL_LOAD,100,1001,PROPOSED_DEADLINE_AWARE,48,10,72.99,7.52,102.89,152.50,160.02,79.51,87.03,true,3,0.7339,0.6918,0.7961,1.0000,-57.13
NORMAL_LOAD,100,1001,PROPOSED_DEADLINE_AWARE,49,4,73.74,19.35,124.34,167.16,186.51,93.42,112.77,true,2,0.7496,1.0000,0.8456,0.4000,-62.17
NORMAL_LOAD,100,1001,PROPOSED_DEADLINE_AWARE,50,3,74.97,16.27,141.99,186.62,202.89,111.65,127.92,true,2,0.7211,1.0000,0.8928,0.3000,-60.90
NORMAL_LOAD,100,1001,PROPOSED_DEADLINE_AWARE,51,10,75.98,8.94,114.38,203.00,211.94,127.02,135.96,true,2,0.7872,0.7742,0.9212,1.0000,-97.56
NORMAL_LOAD,100,1001,PROPOSED_DEADLINE_AWARE,52,5,78.24,17.84,134.49,126.88,144.72,48.64,66.48,true,1,0.7749,1.0000,0.6220,0.5000,-10.23
NORMAL_LOAD,100,1001,PROPOSED_DEADLINE_AWARE,53,10,80.40,15.81,127.02,144.83,160.64,64.43,80.24,true,1,0.8484,0.8908,0.7243,1.0000,-33.62
NORMAL_LOAD,100,1001,PROPOSED_DEADLINE_AWARE,54,5,81.14,18.40,140.78,160.13,178.53,78.99,97.39,true,3,0.7767,1.0000,0.7940,0.5000,-37.75
NORMAL_LOAD,100,1001,PROPOSED_DEADLINE_AWARE,55,3,82.86,5.16,96.24,160.75,165.91,77.89,83.05,true,1,0.7205,1.0000,0.7894,0.3000,-69.67
NORMAL_LOAD,100,1001,PROPOSED_DEADLINE_AWARE,56,6,83.93,8.45,114.79,212.05,220.50,128.12,136.57,true,2,0.7788,1.0000,0.9229,0.6000,-105.71
NORMAL_LOAD,100,1001,PROPOSED_DEADLINE_AWARE,57,3,84.56,18.23,155.44,178.64,196.87,94.08,112.31,true,3,0.7205,1.0000,0.8477,0.3000,-41.43
NORMAL_LOAD,100,1001,PROPOSED_DEADLINE_AWARE,58,5,85.66,6.87,106.48,155.04,161.91,69.38,76.25,true,0,0.7755,1.0000,0.7503,0.5000,-55.43
NORMAL_LOAD,100,1001,PROPOSED_DEADLINE_AWARE,59,7,86.22,19.02,158.93,166.02,185.04,79.80,98.82,true,1,0.8173,0.9898,0.7973,0.7000,-26.11
NORMAL_LOAD,100,1001,PROPOSED_DEADLINE_AWARE,60,4,86.91,9.09,116.15,185.15,194.24,98.24,107.33,true,1,0.7475,1.0000,0.8598,0.4000,-78.09
NORMAL_LOAD,100,1001,PROPOSED_DEADLINE_AWARE,61,9,88.00,14.73,135.51,162.02,176.75,74.02,88.75,true,0,0.8659,0.9837,0.7725,0.9000,-41.24
NORMAL_LOAD,100,1001,PROPOSED_DEADLINE_AWARE,62,10,89.53,18.30,136.70,196.98,215.28,107.45,125.75,true,3,0.8319,0.8671,0.8834,1.0000,-78.58
NORMAL_LOAD,100,1001,PROPOSED_DEADLINE_AWARE,63,6,91.49,5.73,113.84,215.39,221.12,123.90,129.63,true,3,0.7767,1.0000,0.9161,0.6000,-107.28
NORMAL_LOAD,100,1001,PROPOSED_DEADLINE_AWARE,64,5,92.77,8.82,125.27,176.86,185.68,84.09,92.91,true,0,0.7753,1.0000,0.8140,0.5000,-60.41
NORMAL_LOAD,100,1001,PROPOSED_DEADLINE_AWARE,65,4,93.28,9.67,134.94,185.79,195.46,92.51,102.18,true,0,0.7464,1.0000,0.8428,0.4000,-60.52
NORMAL_LOAD,100,1001,PROPOSED_DEADLINE_AWARE,66,7,95.03,18.67,172.72,220.61,239.28,125.58,144.25,true,2,0.8158,0.9800,0.9189,0.7000,-66.56
NORMAL_LOAD,100,1001,PROPOSED_DEADLINE_AWARE,67,3,97.35,19.70,157.43,194.35,214.05,97.00,116.70,true,1,0.7189,1.0000,0.8563,0.3000,-56.62
NORMAL_LOAD,100,1001,PROPOSED_DEADLINE_AWARE,68,1,98.85,9.36,136.11,221.23,230.59,122.38,131.74,true,3,0.6548,1.0000,0.9135,0.1000,-94.48
NORMAL_LOAD,100,1001,PROPOSED_DEADLINE_AWARE,69,8,100.73,15.28,163.70,230.70,245.98,129.97,145.25,true,3,0.8092,0.9161,0.9257,0.8000,-82.28
NORMAL_LOAD,100,1001,PROPOSED_DEADLINE_AWARE,70,4,101.59,7.59,132.63,246.09,253.68,144.50,152.09,true,3,0.7455,1.0000,0.9444,0.4000,-121.05
NORMAL_LOAD,100,1001,PROPOSED_DEADLINE_AWARE,71,4,102.77,18.10,158.59,214.16,232.26,111.39,129.49,true,1,0.7458,1.0000,0.8922,0.4000,-73.67
NORMAL_LOAD,100,1001,PROPOSED_DEADLINE_AWARE,72,8,103.82,7.39,125.41,232.37,239.76,128.55,135.94,true,1,0.8222,1.0000,0.9235,0.8000,-114.35
NORMAL_LOAD,100,1001,PROPOSED_DEADLINE_AWARE,73,5,106.21,17.95,170.43,239.87,257.82,133.66,151.61,true,1,0.7712,1.0000,0.9310,0.5000,-87.39
NORMAL_LOAD,100,1001,PROPOSED_DEADLINE_AWARE,74,6,108.58,15.96,179.53,195.57,211.53,86.99,102.95,true,0,0.7934,1.0000,0.8244,0.6000,-32.00
NORMAL_LOAD,100,1001,PROPOSED_DEADLINE_AWARE,75,7,109.29,15.32,161.22,211.64,226.96,102.35,117.67,true,0,0.8092,1.0000,0.8709,0.7000,-65.74
NORMAL_LOAD,100,1001,PROPOSED_DEADLINE_AWARE,76,5,109.99,9.09,150.06,239.39,248.48,129.40,138.49,true,2,0.7716,1.0000,0.9248,0.5000,-98.42
NORMAL_LOAD,100,1001,PROPOSED_DEADLINE_AWARE,77,8,111.22,7.68,142.47,248.59,256.27,137.37,145.05,true,2,0.8210,0.9862,0.9359,0.8000,-113.80
NORMAL_LOAD,100,1001,PROPOSED_DEADLINE_AWARE,78,6,111.94,11.93,157.62,256.38,268.31,144.44,156.37,true,2,0.7918,1.0000,0.9444,0.6000,-110.69
NORMAL_LOAD,100,1001,PROPOSED_DEADLINE_AWARE,79,4,113.38,19.64,166.16,227.07,246.71,113.69,133.33,true,0,0.7435,1.0000,0.8971,0.4000,-80.55
NORMAL_LOAD,100,1001,PROPOSED_DEADLINE_AWARE,80,8,114.80,8.93,140.98,257.93,266.86,143.13,152.06,true,1,0.7781,0.9238,0.9429,0.8000,-125.88
NORMAL_LOAD,100,1001,PROPOSED_DEADLINE_AWARE,81,2,115.75,15.44,154.53,266.97,282.41,151.22,166.66,true,1,0.6853,1.0000,0.9514,0.2000,-127.88
NORMAL_LOAD,100,1001,PROPOSED_DEADLINE_AWARE,82,7,117.83,8.85,144.71,253.79,262.64,135.96,144.81,true,3,0.7868,1.0000,0.9341,0.7000,-117.93
NORMAL_LOAD,100,1001,PROPOSED_DEADLINE_AWARE,83,9,118.77,11.26,156.89,268.42,279.68,149.65,160.91,true,2,0.7907,0.8555,0.9499,0.9000,-122.79
NORMAL_LOAD,100,1001,PROPOSED_DEADLINE_AWARE,84,4,119.50,6.95,143.78,262.75,269.70,143.25,150.20,true,3,0.7426,1.0000,0.9430,0.4000,-125.92
NORMAL_LOAD,100,1001,PROPOSED_DEADLINE_AWARE,85,9,120.49,6.45,141.75,246.82,253.27,126.33,132.78,true,0,0.8340,0.9705,0.9201,0.9000,-111.52
NORMAL_LOAD,100,1001,PROPOSED_DEADLINE_AWARE,86,3,122.26,15.79,175.64,253.38,269.17,131.12,146.91,true,0,0.7151,1.0000,0.9274,0.3000,-93.53
NORMAL_LOAD,100,1001,PROPOSED_DEADLINE_AWARE,87,7,124.50,10.08,157.41,282.52,292.60,158.02,168.10,true,1,0.8058,1.0000,0.9576,0.7000,-135.19
NORMAL_LOAD,100,1001,PROPOSED_DEADLINE_AWARE,88,5,125.35,12.79,159.64,269.28,282.07,143.93,156.72,true,0,0.7660,1.0000,0.9438,0.5000,-122.43
NORMAL_LOAD,100,1001,PROPOSED_DEADLINE_AWARE,89,7,127.25,9.50,158.68,292.71,302.21,165.46,174.96,true,1,0.8128,1.0000,0.9635,0.7000,-143.53
NORMAL_LOAD,100,1001,PROPOSED_DEADLINE_AWARE,90,10,129.66,5.49,147.34,282.18,287.67,152.52,158.01,true,0,0.8518,0.9466,0.9527,1.0000,-140.33
NORMAL_LOAD,100,1001,PROPOSED_DEADLINE_AWARE,91,8,130.93,9.35,170.90,287.78,297.13,156.85,166.20,true,0,0.8374,1.0000,0.9566,0.8000,-126.23
NORMAL_LOAD,100,1001,PROPOSED_DEADLINE_AWARE,92,1,132.93,16.76,198.73,302.32,319.08,169.39,186.15,true,1,0.6500,1.0000,0.9662,0.1000,-120.35
NORMAL_LOAD,100,1001,PROPOSED_DEADLINE_AWARE,93,9,133.63,16.86,203.06,279.79,296.65,146.16,163.02,true,2,0.8540,0.9278,0.9462,0.9000,-93.59
NORMAL_LOAD,100,1001,PROPOSED_DEADLINE_AWARE,94,2,134.64,12.34,170.53,296.76,309.10,162.12,174.46,true,2,0.6824,1.0000,0.9609,0.2000,-138.57
NORMAL_LOAD,100,1001,PROPOSED_DEADLINE_AWARE,95,2,135.28,15.11,177.19,297.24,312.35,161.96,177.07,true,0,0.6838,1.0000,0.9608,0.2000,-135.16
NORMAL_LOAD,100,1001,PROPOSED_DEADLINE_AWARE,96,9,136.99,15.66,188.11,269.81,285.47,132.82,148.48,true,3,0.8465,0.9422,0.9298,0.9000,-97.36
NORMAL_LOAD,100,1001,PROPOSED_DEADLINE_AWARE,97,5,138.56,15.66,191.15,285.58,301.24,147.02,162.68,true,3,0.7603,1.0000,0.9472,0.5000,-110.09
NORMAL_LOAD,100,1001,PROPOSED_DEADLINE_AWARE,98,1,140.77,6.81,170.36,309.21,316.02,168.44,175.25,true,2,0.6499,1.0000,0.9656,0.1000,-145.66
NORMAL_LOAD,100,1001,PROPOSED_DEADLINE_AWARE,99,10,141.50,9.78,172.15,301.35,311.13,159.85,169.63,true,3,0.8563,0.9282,0.9591,1.0000,-138.98
HIGH_LOAD,20,2001,IEEE_BASELINE,0,3,0.00,30.69,81.50,0.10,30.79,0.10,30.79,false,0,,,,,
HIGH_LOAD,20,2001,IEEE_BASELINE,1,5,0.56,37.35,89.37,0.66,38.01,0.10,37.45,false,1,,,,,
HIGH_LOAD,20,2001,IEEE_BASELINE,2,2,0.79,39.27,87.99,0.89,40.16,0.10,39.37,false,2,,,,,
HIGH_LOAD,20,2001,IEEE_BASELINE,3,1,1.46,18.66,40.43,1.56,20.22,0.10,18.76,false,3,,,,,
HIGH_LOAD,20,2001,IEEE_BASELINE,4,3,1.84,19.83,38.95,20.33,40.16,18.49,38.32,true,3,,,,,
HIGH_LOAD,20,2001,IEEE_BASELINE,5,5,2.18,32.19,70.84,30.90,63.09,28.72,60.91,false,0,,,,,
HIGH_LOAD,20,2001,IEEE_BASELINE,6,10,2.82,25.09,60.44,40.27,65.36,37.45,62.54,true,3,,,,,
HIGH_LOAD,20,2001,IEEE_BASELINE,7,10,2.98,23.83,60.37,38.12,61.95,35.14,58.97,true,1,,,,,
HIGH_LOAD,20,2001,IEEE_BASELINE,8,5,3.65,24.35,75.48,40.27,64.62,36.62,60.97,false,2,,,,,
HIGH_LOAD,20,2001,IEEE_BASELINE,9,8,3.88,21.81,57.22,65.47,87.28,61.59,83.40,true,3,,,,,
HIGH_LOAD,20,2001,IEEE_BASELINE,10,1,4.19,30.96,95.85,63.20,94.16,59.01,89.97,false,0,,,,,
HIGH_LOAD,20,2001,IEEE_BASELINE,11,4,4.72,37.15,115.21,62.06,99.21,57.34,94.49,false,1,,,,,
HIGH_LOAD,20,2001,IEEE_BASELINE,12,7,4.91,32.19,69.74,64.73,96.92,59.82,92.01,true,2,,,,,
HIGH_LOAD,20,2001,IEEE_BASELINE,13,10,5.30,26.30,79.88,87.39,113.69,82.09,108.39,true,3,,,,,
HIGH_LOAD,20,2001,IEEE_BASELINE,14,3,5.82,16.78,36.76,99.32,116.10,93.50,110.28,true,1,,,,,
HIGH_LOAD,20,2001,IEEE_BASELINE,15,1,6.44,28.71,72.42,94.27,122.98,87.83,116.54,true,0,,,,,
HIGH_LOAD,20,2001,IEEE_BASELINE,16,8,6.70,36.65,111.30,97.03,133.68,90.33,126.98,true,2,,,,,
HIGH_LOAD,20,2001,IEEE_BASELINE,17,5,7.25,30.78,94.31,113.80,144.58,106.55,137.33,true,3,,,,,
HIGH_LOAD,20,2001,IEEE_BASELINE,18,8,7.83,29.71,77.95,123.09,152.80,115.26,144.97,true,0,,,,,
HIGH_LOAD,20,2001,IEEE_BASELINE,19,4,8.53,25.22,72.87,116.21,141.43,107.68,132.90,true,1,,,,,
HIGH_LOAD,20,2001,PROPOSED_DEADLINE_AWARE,0,3,0.00,30.69,81.50,0.10,30.79,0.10,30.79,false,0,0.3225,0.4349,0.0020,0.3000,50.71
HIGH_LOAD,20,2001,PROPOSED_DEADLINE_AWARE,1,5,0.56,37.35,89.37,0.66,38.01,0.10,37.45,false,1,0.4256,0.5012,0.0020,0.5000,51.36
HIGH_LOAD,20,2001,PROPOSED_DEADLINE_AWARE,2,2,0.79,39.27,87.99,0.89,40.16,0.10,39.37,false,2,0.3411,0.5423,0.0020,0.2000,47.83
HIGH_LOAD,20,2001,PROPOSED_DEADLINE_AWARE,3,1,1.46,18.66,40.43,1.56,20.22,0.10,18.76,false,3,0.3251,0.5803,0.0020,0.1000,20.21
HIGH_LOAD,20,2001,PROPOSED_DEADLINE_AWARE,4,3,1.84,19.83,38.95,20.33,40.16,18.49,38.32,true,3,0.6452,1.0000,0.3091,0.3000,-1.21
HIGH_LOAD,20,2001,PROPOSED_DEADLINE_AWARE,5,5,2.18,32.25,70.84,40.27,72.52,38.09,70.34,true,2,0.7624,1.0000,0.5332,0.5000,-1.68
HIGH_LOAD,20,2001,PROPOSED_DEADLINE_AWARE,6,10,2.82,25.09,60.44,30.90,55.99,28.08,53.17,false,0,0.8570,0.9069,0.4297,1.0000,4.45
HIGH_LOAD,20,2001,PROPOSED_DEADLINE_AWARE,7,10,2.98,23.73,60.37,38.12,61.85,35.14,58.87,true,1,0.9116,1.0000,0.5048,1.0000,-1.48
HIGH_LOAD,20,2001,PROPOSED_DEADLINE_AWARE,8,5,3.65,24.35,75.48,56.10,80.45,52.45,76.80,true,0,0.7665,1.0000,0.6497,0.5000,-4.97
HIGH_LOAD,20,2001,PROPOSED_DEADLINE_AWARE,9,8,3.88,21.80,57.22,40.27,62.07,36.39,58.19,true,3,0.8428,1.0000,0.5170,0.8000,-4.85
HIGH_LOAD,20,2001,PROPOSED_DEADLINE_AWARE,10,1,4.19,30.96,95.85,62.18,93.14,57.99,88.95,false,3,0.6403,1.0000,0.6865,0.1000,2.71
HIGH_LOAD,20,2001,PROPOSED_DEADLINE_AWARE,11,4,4.72,37.18,115.21,61.96,99.14,57.24,94.42,false,1,0.7377,1.0000,0.6817,0.4000,16.07
HIGH_LOAD,20,2001,PROPOSED_DEADLINE_AWARE,12,7,4.91,32.19,69.74,72.63,104.82,67.72,99.91,true,2,0.8069,1.0000,0.7419,0.7000,-35.08
HIGH_LOAD,20,2001,PROPOSED_DEADLINE_AWARE,13,10,5.30,26.30,79.88,80.56,106.86,75.26,101.56,true,0,0.9252,1.0000,0.7780,1.0000,-26.98
HIGH_LOAD,20,2001,PROPOSED_DEADLINE_AWARE,14,3,5.82,16.78,36.76,106.97,123.75,101.15,117.93,true,0,0.7051,1.0000,0.8677,0.3000,-86.99
HIGH_LOAD,20,2001,PROPOSED_DEADLINE_AWARE,15,1,6.44,28.61,72.42,123.86,152.47,117.42,146.03,true,0,0.6399,1.0000,0.9045,0.1000,-80.05
HIGH_LOAD,20,2001,PROPOSED_DEADLINE_AWARE,16,8,6.70,36.74,111.30,99.25,135.99,92.55,129.29,true,1,0.7766,0.8363,0.8429,0.8000,-24.69
HIGH_LOAD,20,2001,PROPOSED_DEADLINE_AWARE,17,5,7.25,30.72,94.31,93.25,123.97,86.00,116.72,true,3,0.7690,1.0000,0.8209,0.5000,-29.66
HIGH_LOAD,20,2001,PROPOSED_DEADLINE_AWARE,18,8,7.83,29.75,77.95,124.08,153.83,116.25,146.00,true,3,0.8577,1.0000,0.9022,0.8000,-75.88
HIGH_LOAD,20,2001,PROPOSED_DEADLINE_AWARE,19,4,8.53,25.14,72.87,104.93,130.07,96.40,121.54,true,2,0.7385,1.0000,0.8546,0.4000,-57.20
HIGH_LOAD,50,2001,IEEE_BASELINE,0,3,0.00,30.69,81.50,0.10,30.79,0.10,30.79,false,0,,,,,
HIGH_LOAD,50,2001,IEEE_BASELINE,1,5,0.56,37.35,89.37,0.66,38.01,0.10,37.45,false,1,,,,,
HIGH_LOAD,50,2001,IEEE_BASELINE,2,2,0.79,39.27,87.99,0.89,40.16,0.10,39.37,false,2,,,,,
HIGH_LOAD,50,2001,IEEE_BASELINE,3,1,1.46,18.66,40.43,1.56,20.22,0.10,18.76,false,3,,,,,
HIGH_LOAD,50,2001,IEEE_BASELINE,4,3,1.84,19.83,38.95,20.33,40.16,18.49,38.32,true,3,,,,,
HIGH_LOAD,50,2001,IEEE_BASELINE,5,5,2.18,32.25,70.84,38.12,70.37,35.94,68.19,false,1,,,,,
HIGH_LOAD,50,2001,IEEE_BASELINE,6,10,2.82,25.09,60.44,30.90,55.99,28.08,53.17,false,0,,,,,
HIGH_LOAD,50,2001,IEEE_BASELINE,7,10,2.98,23.73,60.37,40.27,64.00,37.29,61.02,true,2,,,,,
HIGH_LOAD,50,2001,IEEE_BASELINE,8,5,3.65,24.35,75.48,40.27,64.62,36.62,60.97,false,3,,,,,
HIGH_LOAD,50,2001,IEEE_BASELINE,9,8,3.88,21.81,57.22,64.11,85.92,60.23,82.04,true,2,,,,,
HIGH_LOAD,50,2001,IEEE_BASELINE,10,1,4.19,30.96,95.85,64.73,95.69,60.54,91.50,false,3,,,,,
HIGH_LOAD,50,2001,IEEE_BASELINE,11,4,4.72,37.15,115.21,56.10,93.25,51.38,88.53,false,0,,,,,
HIGH_LOAD,50,2001,IEEE_BASELINE,12,7,4.91,32.19,69.74,70.48,102.67,65.57,97.76,true,1,,,,,
HIGH_LOAD,50,2001,IEEE_BASELINE,13,10,5.30,26.30,79.88,86.03,112.33,80.73,107.03,true,2,,,,,
HIGH_LOAD,50,2001,IEEE_BASELINE,14,3,5.82,16.75,36.76,95.80,112.55,89.98,106.73,true,3,,,,,
HIGH_LOAD,50,2001,IEEE_BASELINE,15,1,6.44,28.71,72.42,93.36,122.07,86.92,115.63,true,0,,,,,
HIGH_LOAD,50,2001,IEEE_BASELINE,16,8,6.70,36.74,111.30,102.78,139.52,96.08,132.82,true,1,,,,,
HIGH_LOAD,50,2001,IEEE_BASELINE,17,5,7.25,30.78,94.31,112.66,143.44,105.41,136.19,true,3,,,,,
HIGH_LOAD,50,2001,IEEE_BASELINE,18,8,7.83,29.75,77.95,122.18,151.93,114.35,144.10,true,0,,,,,
HIGH_LOAD,50,2001,IEEE_BASELINE,19,4,8.53,25.18,72.87,139.63,164.81,131.10,156.28,true,1,,,,,
HIGH_LOAD,50,2001,IEEE_BASELINE,20,1,9.12,34.60,80.15,112.44,147.04,103.32,137.92,true,2,,,,,
HIGH_LOAD,50,2001,IEEE_BASELINE,21,1,9.54,22.17,58.96,152.04,174.21,142.50,164.67,true,0,,,,,
HIGH_LOAD,50,2001,IEEE_BASELINE,22,7,9.78,27.20,74.69,164.92,192.12,155.14,182.34,true,1,,,,,
HIGH_LOAD,50,2001,IEEE_BASELINE,23,3,10.06,38.49,92.06,143.55,182.04,133.49,171.98,true,3,,,,,
HIGH_LOAD,50,2001,IEEE_BASELINE,24,1,10.23,28.45,64.37,174.32,202.77,164.09,192.54,true,0,,,,,
HIGH_LOAD,50,2001,IEEE_BASELINE,25,2,10.75,28.12,76.97,182.15,210.27,171.40,199.52,true,3,,,,,
HIGH_LOAD,50,2001,IEEE_BASELINE,26,3,10.87,37.04,110.51,192.23,229.27,181.36,218.40,true,1,,,,,
HIGH_LOAD,50,2001,IEEE_BASELINE,27,5,11.40,37.00,108.96,202.88,239.88,191.48,228.48,true,0,,,,,
HIGH_LOAD,50,2001,IEEE_BASELINE,28,8,11.61,31.67,95.07,147.15,178.82,135.54,167.21,true,2,,,,,
HIGH_LOAD,50,2001,IEEE_BASELINE,29,10,11.90,24.86,59.34,210.38,235.24,198.48,223.34,true,3,,,,,
HIGH_LOAD,50,2001,IEEE_BASELINE,30,1,12.67,32.88,94.79,229.38,262.26,216.71,249.59,true,1,,,,,
HIGH_LOAD,50,2001,IEEE_BASELINE,31,1,13.35,24.30,73.96,239.99,264.29,226.64,250.94,true,0,,,,,
HIGH_LOAD,50,2001,IEEE_BASELINE,32,9,14.12,35.67,114.12,264.40,300.07,250.28,285.95,true,0,,,,,
HIGH_LOAD,50,2001,IEEE_BASELINE,33,4,14.59,39.83,93.17,262.37,302.20,247.78,287.61,true,1,,,,,
HIGH_LOAD,50,2001,IEEE_BASELINE,34,6,15.29,32.16,74.20,235.35,267.51,220.06,252.22,true,3,,,,,
HIGH_LOAD,50,2001,IEEE_BASELINE,35,2,15.98,23.84,70.44,178.93,202.77,162.95,186.79,true,2,,,,,
HIGH_LOAD,50,2001,IEEE_BASELINE,36,8,16.59,24.35,73.67,202.88,227.23,186.29,210.64,true,2,,,,,
HIGH_LOAD,50,2001,IEEE_BASELINE,37,4,16.77,18.95,52.09,300.18,319.13,283.41,302.36,true,0,,,,,
HIGH_LOAD,50,2001,IEEE_BASELINE,38,5,17.16,16.34,48.09,267.62,283.96,250.46,266.80,true,3,,,,,
HIGH_LOAD,50,2001,IEEE_BASELINE,39,8,17.79,34.69,80.96,302.31,337.00,284.52,319.21,true,1,,,,,
HIGH_LOAD,50,2001,IEEE_BASELINE,40,8,18.21,18.49,55.08,319.24,337.73,301.03,319.52,true,0,,,,,
HIGH_LOAD,50,2001,IEEE_BASELINE,41,5,18.70,35.71,107.13,227.34,263.05,208.64,244.35,true,2,,,,,
HIGH_LOAD,50,2001,IEEE_BASELINE,42,10,19.49,32.21,103.97,284.07,316.28,264.58,296.79,true,3,,,,,
HIGH_LOAD,50,2001,IEEE_BASELINE,43,7,20.29,23.33,80.96,263.16,286.49,242.87,266.20,true,2,,,,,
HIGH_LOAD,50,2001,IEEE_BASELINE,44,9,20.40,23.87,63.59,316.39,340.26,295.99,319.86,true,3,,,,,
HIGH_LOAD,50,2001,IEEE_BASELINE,45,7,21.16,26.44,75.26,337.11,363.55,315.95,342.39,true,1,,,,,
HIGH_LOAD,50,2001,IEEE_BASELINE,46,5,21.95,27.28,101.94,286.60,313.88,264.65,291.93,true,2,,,,,
HIGH_LOAD,50,2001,IEEE_BASELINE,47,7,22.21,18.00,57.70,340.37,358.37,318.16,336.16,true,3,,,,,
HIGH_LOAD,50,2001,IEEE_BASELINE,48,3,22.56,21.51,79.28,313.99,335.50,291.43,312.94,true,2,,,,,
HIGH_LOAD,50,2001,IEEE_BASELINE,49,9,23.00,23.72,85.12,335.61,359.33,312.61,336.33,true,2,,,,,
HIGH_LOAD,50,2001,PROPOSED_DEADLINE_AWARE,0,3,0.00,30.69,81.50,0.10,30.79,0.10,30.79,false,0,0.3225,0.4349,0.0020,0.3000,50.71
HIGH_LOAD,50,2001,PROPOSED_DEADLINE_AWARE,1,5,0.56,37.35,89.37,0.66,38.01,0.10,37.45,false,1,0.4256,0.5012,0.0020,0.5000,51.36
HIGH_LOAD,50,2001,PROPOSED_DEADLINE_AWARE,2,2,0.79,39.27,87.99,0.89,40.16,0.10,39.37,false,2,0.3411,0.5423,0.0020,0.2000,47.83
HIGH_LOAD,50,2001,PROPOSED_DEADLINE_AWARE,3,1,1.46,18.66,40.43,1.56,20.22,0.10,18.76,false,3,0.3251,0.5803,0.0020,0.1000,20.21
HIGH_LOAD,50,2001,PROPOSED_DEADLINE_AWARE,4,3,1.84,19.83,38.95,20.33,40.16,18.49,38.32,true,3,0.6452,1.0000,0.3091,0.3000,-1.21
HIGH_LOAD,50,2001,PROPOSED_DEADLINE_AWARE,5,5,2.18,32.25,70.84,40.27,72.52,38.09,70.34,true,2,0.7900,1.0000,0.5332,0.5000,-1.68
HIGH_LOAD,50,2001,PROPOSED_DEADLINE_AWARE,6,10,2.82,25.09,60.44,30.90,55.99,28.08,53.17,false,0,0.8570,0.9069,0.4297,1.0000,4.45
HIGH_LOAD,50,2001,PROPOSED_DEADLINE_AWARE,7,10,2.98,23.73,60.37,38.12,61.85,35.14,58.87,true,1,0.9116,1.0000,0.5048,1.0000,-1.48
HIGH_LOAD,50,2001,PROPOSED_DEADLINE_AWARE,8,5,3.65,24.35,75.48,40.27,64.62,36.62,60.97,false,3,0.7916,1.0000,0.5192,0.5000,10.86
HIGH_LOAD,50,2001,PROPOSED_DEADLINE_AWARE,9,8,3.88,21.78,57.22,72.63,94.41,68.75,90.53,true,2,0.8617,1.0000,0.7472,0.8000,-37.19
HIGH_LOAD,50,2001,PROPOSED_DEADLINE_AWARE,10,1,4.19,30.96,95.85,61.96,92.92,57.77,88.73,false,1,0.6630,1.0000,0.6851,0.1000,2.93
HIGH_LOAD,50,2001,PROPOSED_DEADLINE_AWARE,11,4,4.72,37.18,115.21,94.52,131.70,89.80,126.98,true,2,0.7612,1.0000,0.8340,0.4000,-16.49
HIGH_LOAD,50,2001,PROPOSED_DEADLINE_AWARE,12,7,4.91,32.19,69.74,64.73,96.92,59.82,92.01,true,3,0.8517,1.0000,0.6977,0.7000,-27.18
HIGH_LOAD,50,2001,PROPOSED_DEADLINE_AWARE,13,10,5.30,26.30,79.88,56.10,82.40,50.80,77.10,true,0,0.9252,1.0000,0.6380,1.0000,-2.52
HIGH_LOAD,50,2001,PROPOSED_DEADLINE_AWARE,14,3,5.82,16.75,36.76,131.81,148.56,125.99,142.74,true,2,0.7297,1.0000,0.9195,0.3000,-111.80
HIGH_LOAD,50,2001,PROPOSED_DEADLINE_AWARE,15,1,6.44,28.71,72.42,97.03,125.74,90.59,119.30,true,3,0.6629,1.0000,0.8366,0.1000,-53.32
HIGH_LOAD,50,2001,PROPOSED_DEADLINE_AWARE,16,8,6.70,36.74,111.30,93.03,129.77,86.33,123.07,true,1,0.8716,1.0000,0.8221,0.8000,-18.47
HIGH_LOAD,50,2001,PROPOSED_DEADLINE_AWARE,17,5,7.25,30.75,94.31,82.51,113.26,75.26,106.01,true,0,0.7911,1.0000,0.7780,0.5000,-18.95
HIGH_LOAD,50,2001,PROPOSED_DEADLINE_AWARE,18,8,7.83,29.70,77.95,148.67,178.37,140.84,170.54,true,2,0.8712,1.0000,0.9402,0.8000,-100.42
HIGH_LOAD,50,2001,PROPOSED_DEADLINE_AWARE,19,4,8.53,25.22,72.87,129.88,155.10,121.35,146.57,true,1,0.7626,1.0000,0.9117,0.4000,-82.23
HIGH_LOAD,50,2001,PROPOSED_DEADLINE_AWARE,20,1,9.12,34.55,80.15,113.37,147.92,104.25,138.80,true,0,0.6632,1.0000,0.8757,0.1000,-67.77
HIGH_LOAD,50,2001,PROPOSED_DEADLINE_AWARE,21,1,9.54,22.11,58.96,178.48,200.59,168.94,191.05,true,2,0.6638,1.0000,0.9659,0.1000,-141.63
HIGH_LOAD,50,2001,PROPOSED_DEADLINE_AWARE,22,7,9.78,27.20,74.69,200.70,227.90,190.92,218.12,true,2,0.8532,1.0000,0.9780,0.7000,-153.21
HIGH_LOAD,50,2001,PROPOSED_DEADLINE_AWARE,23,3,10.06,38.47,92.06,125.85,164.32,115.79,154.26,true,3,0.7297,1.0000,0.9013,0.3000,-72.26
HIGH_LOAD,50,2001,PROPOSED_DEADLINE_AWARE,24,1,10.23,28.52,64.37,164.43,192.95,154.20,182.72,true,3,0.6644,1.0000,0.9542,0.1000,-128.58
HIGH_LOAD,50,2001,PROPOSED_DEADLINE_AWARE,25,2,10.75,28.12,76.97,148.03,176.15,137.28,165.40,true,0,0.6962,1.0000,0.9358,0.2000,-99.18
HIGH_LOAD,50,2001,PROPOSED_DEADLINE_AWARE,26,3,10.87,37.04,110.51,155.21,192.25,144.34,181.38,true,1,0.7297,1.0000,0.9442,0.3000,-81.74
HIGH_LOAD,50,2001,PROPOSED_DEADLINE_AWARE,27,5,11.40,36.99,108.96,192.36,229.35,180.96,217.95,true,1,0.7930,1.0000,0.9732,0.5000,-120.39
HIGH_LOAD,50,2001,PROPOSED_DEADLINE_AWARE,28,8,11.61,31.63,95.07,193.06,224.69,181.45,213.08,true,3,0.8745,1.0000,0.9735,0.8000,-129.62
HIGH_LOAD,50,2001,PROPOSED_DEADLINE_AWARE,29,10,11.90,24.77,59.34,224.80,249.57,212.90,237.67,true,3,0.9038,1.0000,0.9858,1.0000,-190.23
HIGH_LOAD,50,2001,PROPOSED_DEADLINE_AWARE,30,1,12.67,32.88,94.79,229.46,262.34,216.79,249.67,true,1,0.6643,1.0000,0.9869,0.1000,-167.55
HIGH_LOAD,50,2001,PROPOSED_DEADLINE_AWARE,31,1,13.35,24.35,73.96,228.01,252.36,214.66,239.01,true,2,0.6649,1.0000,0.9863,0.1000,-178.40
HIGH_LOAD,50,2001,PROPOSED_DEADLINE_AWARE,32,9,14.12,35.67,114.12,176.26,211.93,162.14,197.81,true,0,0.9012,1.0000,0.9609,0.9000,-97.81
HIGH_LOAD,50,2001,PROPOSED_DEADLINE_AWARE,33,4,14.59,39.75,93.17,212.04,251.79,197.45,237.20,true,0,0.7624,1.0000,0.9807,0.4000,-158.62
HIGH_LOAD,50,2001,PROPOSED_DEADLINE_AWARE,34,6,15.29,32.25,74.20,262.45,294.70,247.16,279.41,true,1,0.8222,1.0000,0.9929,0.6000,-220.50
HIGH_LOAD,50,2001,PROPOSED_DEADLINE_AWARE,35,2,15.98,23.84,70.44,252.47,276.31,236.49,260.33,true,2,0.6968,1.0000,0.9912,0.2000,-205.87
HIGH_LOAD,50,2001,PROPOSED_DEADLINE_AWARE,36,8,16.59,24.35,73.67,276.42,300.77,259.83,284.18,true,2,0.8795,1.0000,0.9945,0.8000,-227.10
HIGH_LOAD,50,2001,PROPOSED_DEADLINE_AWARE,37,4,16.77,18.88,52.09,249.68,268.56,232.91,251.79,true,3,0.7624,1.0000,0.9905,0.4000,-216.47
HIGH_LOAD,50,2001,PROPOSED_DEADLINE_AWARE,38,5,17.16,16.34,48.09,300.88,317.22,283.72,300.06,true,2,0.7926,1.0000,0.9966,0.5000,-269.13
HIGH_LOAD,50,2001,PROPOSED_DEADLINE_AWARE,39,8,17.79,34.63,80.96,251.90,286.53,234.11,268.74,true,0,0.8798,1.0000,0.9907,0.8000,-205.57
HIGH_LOAD,50,2001,PROPOSED_DEADLINE_AWARE,40,8,18.21,18.46,55.08,294.81,313.27,276.60,295.06,true,1,0.8812,1.0000,0.9960,0.8000,-258.19
HIGH_LOAD,50,2001,PROPOSED_DEADLINE_AWARE,41,5,18.70,35.71,107.13,268.67,304.38,249.97,285.68,true,3,0.7929,1.0000,0.9933,0.5000,-197.25
HIGH_LOAD,50,2001,PROPOSED_DEADLINE_AWARE,42,10,19.49,32.21,103.97,304.49,336.70,285.00,317.21,true,3,0.8675,0.8928,0.9967,1.0000,-232.73
HIGH_LOAD,50,2001,PROPOSED_DEADLINE_AWARE,43,7,20.29,23.32,80.96,313.38,336.70,293.09,316.41,true,1,0.8509,1.0000,0.9972,0.7000,-255.74
HIGH_LOAD,50,2001,PROPOSED_DEADLINE_AWARE,44,9,20.40,23.87,63.59,317.33,341.20,296.93,320.80,true,2,0.8572,1.0000,0.9974,0.9000,-277.61
HIGH_LOAD,50,2001,PROPOSED_DEADLINE_AWARE,45,7,21.16,26.52,75.26,286.64,313.16,265.48,292.00,true,0,0.8535,1.0000,0.9951,0.7000,-237.90
HIGH_LOAD,50,2001,PROPOSED_DEADLINE_AWARE,46,5,21.95,27.28,101.94,313.27,340.55,291.32,318.60,true,0,0.7934,1.0000,0.9971,0.5000,-238.61
HIGH_LOAD,50,2001,PROPOSED_DEADLINE_AWARE,47,7,22.21,18.07,57.70,336.81,354.88,314.60,332.67,true,3,0.8551,1.0000,0.9981,0.7000,-297.18
HIGH_LOAD,50,2001,PROPOSED_DEADLINE_AWARE,48,3,22.56,21.44,79.28,341.31,362.75,318.75,340.19,true,2,0.7297,1.0000,0.9983,0.3000,-283.47
HIGH_LOAD,50,2001,PROPOSED_DEADLINE_AWARE,49,9,23.00,23.72,85.12,336.81,360.53,313.81,337.53,true,1,0.8803,1.0000,0.9981,0.9000,-275.41
HIGH_LOAD,100,2001,IEEE_BASELINE,0,3,0.00,30.69,81.50,0.10,30.79,0.10,30.79,false,0,,,,,
HIGH_LOAD,100,2001,IEEE_BASELINE,1,5,0.56,37.35,89.37,0.66,38.01,0.10,37.45,false,1,,,,,
HIGH_LOAD,100,2001,IEEE_BASELINE,2,2,0.79,39.27,87.99,0.89,40.16,0.10,39.37,false,2,,,,,
HIGH_LOAD,100,2001,IEEE_BASELINE,3,1,1.46,18.66,40.43,1.56,20.22,0.10,18.76,false,3,,,,,
HIGH_LOAD,100,2001,IEEE_BASELINE,4,3,1.84,19.83,38.95,20.33,40.16,18.49,38.32,true,3,,,,,
HIGH_LOAD,100,2001,IEEE_BASELINE,5,5,2.18,32.25,70.84,40.27,72.52,38.09,70.34,true,2,,,,,
HIGH_LOAD,100,2001,IEEE_BASELINE,6,10,2.82,25.03,60.44,40.27,65.30,37.45,62.48,true,3,,,,,
HIGH_LOAD,100,2001,IEEE_BASELINE,7,10,2.98,23.83,60.37,38.12,61.95,35.14,58.97,true,1,,,,,
HIGH_LOAD,100,2001,IEEE_BASELINE,8,5,3.65,24.35,75.48,30.90,55.25,27.25,51.60,false,0,,,,,
HIGH_LOAD,100,2001,IEEE_BASELINE,9,8,3.88,21.81,57.22,72.63,94.44,68.75,90.56,true,2,,,,,
HIGH_LOAD,100,2001,IEEE_BASELINE,10,1,4.19,30.96,95.85,62.06,93.02,57.87,88.83,false,1,,,,,
HIGH_LOAD,100,2001,IEEE_BASELINE,11,4,4.72,37.18,115.21,55.36,92.54,50.64,87.82,false,0,,,,,
HIGH_LOAD,100,2001,IEEE_BASELINE,12,7,4.91,32.19,69.74,92.65,124.84,87.74,119.93,true,0,,,,,
HIGH_LOAD,100,2001,IEEE_BASELINE,13,10,5.30,26.30,79.88,94.55,120.85,89.25,115.55,true,2,,,,,
HIGH_LOAD,100,2001,IEEE_BASELINE,14,3,5.82,16.78,36.76,65.41,82.19,59.59,76.37,true,3,,,,,
HIGH_LOAD,100,2001,IEEE_BASELINE,15,1,6.44,28.63,72.42,120.96,149.59,114.52,143.15,true,2,,,,,
HIGH_LOAD,100,2001,IEEE_BASELINE,16,8,6.70,36.74,111.30,82.30,119.04,75.60,112.34,true,3,,,,,
HIGH_LOAD,100,2001,IEEE_BASELINE,17,5,7.25,30.78,94.31,124.95,155.73,117.70,148.48,true,0,,,,,
HIGH_LOAD,100,2001,IEEE_BASELINE,18,8,7.83,29.75,77.95,93.13,122.88,85.30,115.05,true,1,,,,,
HIGH_LOAD,100,2001,IEEE_BASELINE,19,4,8.53,25.22,72.87,119.15,144.37,110.62,135.84,true,3,,,,,
HIGH_LOAD,100,2001,IEEE_BASELINE,20,1,9.12,34.60,80.15,155.84,190.44,146.72,181.32,true,0,,,,,
HIGH_LOAD,100,2001,IEEE_BASELINE,21,1,9.54,22.17,58.96,144.48,166.65,134.94,157.11,true,3,,,,,
HIGH_LOAD,100,2001,IEEE_BASELINE,22,7,9.78,27.20,74.69,190.55,217.75,180.77,207.97,true,0,,,,,
HIGH_LOAD,100,2001,IEEE_BASELINE,23,3,10.06,38.50,92.06,166.76,205.26,156.70,195.20,true,3,,,,,
HIGH_LOAD,100,2001,IEEE_BASELINE,24,1,10.23,28.52,64.37,217.86,246.38,207.63,236.15,true,0,,,,,
HIGH_LOAD,100,2001,IEEE_BASELINE,25,2,10.75,28.12,76.97,122.99,151.11,112.24,140.36,true,1,,,,,
HIGH_LOAD,100,2001,IEEE_BASELINE,26,3,10.87,37.01,110.51,205.37,242.38,194.50,231.51,true,3,,,,,
HIGH_LOAD,100,2001,IEEE_BASELINE,27,5,11.40,37.00,108.96,151.22,188.22,139.82,176.82,true,1,,,,,
HIGH_LOAD,100,2001,IEEE_BASELINE,28,8,11.61,31.60,95.07,242.49,274.09,230.88,262.48,true,3,,,,,
HIGH_LOAD,100,2001,IEEE_BASELINE,29,10,11.90,24.86,59.34,274.20,299.06,262.30,287.16,true,3,,,,,
HIGH_LOAD,100,2001,IEEE_BASELINE,30,1,12.67,32.81,94.79,299.17,331.98,286.50,319.31,true,3,,,,,
HIGH_LOAD,100,2001,IEEE_BASELINE,31,1,13.35,24.35,73.96,149.70,174.05,136.35,160.70,true,2,,,,,
HIGH_LOAD,100,2001,IEEE_BASELINE,32,9,14.12,35.67,114.12,246.49,282.16,232.37,268.04,true,0,,,,,
HIGH_LOAD,100,2001,IEEE_BASELINE,33,4,14.59,39.83,93.17,188.33,228.16,173.74,213.57,true,1,,,,,
HIGH_LOAD,100,2001,IEEE_BASELINE,34,6,15.29,32.25,74.20,332.09,364.34,316.80,349.05,true,3,,,,,
HIGH_LOAD,100,2001,IEEE_BASELINE,35,2,15.98,23.84,70.44,174.16,198.00,158.18,182.02,true,2,,,,,
HIGH_LOAD,100,2001,IEEE_BASELINE,36,8,16.59,24.35,73.67,198.11,222.46,181.52,205.87,true,2,,,,,
HIGH_LOAD,100,2001,IEEE_BASELINE,37,4,16.77,18.95,52.09,282.27,301.22,265.50,284.45,true,0,,,,,
HIGH_LOAD,100,2001,IEEE_BASELINE,38,5,17.16,16.34,48.09,364.45,380.79,347.29,363.63,true,3,,,,,
HIGH_LOAD,100,2001,IEEE_BASELINE,39,8,17.79,34.69,80.96,228.27,262.96,210.48,245.17,true,1,,,,,
HIGH_LOAD,100,2001,IEEE_BASELINE,40,8,18.21,18.49,55.08,301.33,319.82,283.12,301.61,true,0,,,,,
HIGH_LOAD,100,2001,IEEE_BASELINE,41,5,18.70,35.71,107.13,222.57,258.28,203.87,239.58,true,2,,,,,
HIGH_LOAD,100,2001,IEEE_BASELINE,42,10,19.49,32.21,103.97,380.90,413.11,361.41,393.62,true,3,,,,,
HIGH_LOAD,100,2001,IEEE_BASELINE,43,7,20.29,23.31,80.96,258.39,281.70,238.10,261.41,true,2,,,,,
HIGH_LOAD,100,2001,IEEE_BASELINE,44,9,20.40,23.87,63.59,413.22,437.09,392.82,416.69,true,3,,,,,
HIGH_LOAD,100,2001,IEEE_BASELINE,45,7,21.16,26.52,75.26,263.07,289.59,241.91,268.43,true,1,,,,,
HIGH_LOAD,100,2001,IEEE_BASELINE,46,5,21.95,27.28,101.94,437.20,464.48,415.25,442.53,true,3,,,,,
HIGH_LOAD,100,2001,IEEE_BASELINE,47,7,22.21,18.07,57.70,281.81,299.88,259.60,277.67,true,2,,,,,
HIGH_LOAD,100,2001,IEEE_BASELINE,48,3,22.56,21.51,79.28,299.99,321.50,277.43,298.94,true,2,,,,,
HIGH_LOAD,100,2001,IEEE_BASELINE,49,9,23.00,23.72,85.12,289.70,313.42,266.70,290.42,true,1,,,,,
HIGH_LOAD,100,2001,IEEE_BASELINE,50,3,23.75,15.46,65.07,321.61,337.07,297.86,313.32,true,2,,,,,
HIGH_LOAD,100,2001,IEEE_BASELINE,51,3,24.02,16.34,67.15,464.59,480.93,440.57,456.91,true,3,,,,,
HIGH_LOAD,100,2001,IEEE_BASELINE,52,2,24.73,37.16,95.69,337.18,374.34,312.45,349.61,true,2,,,,,
HIGH_LOAD,100,2001,IEEE_BASELINE,53,10,24.99,21.23,67.32,374.45,395.68,349.46,370.69,true,2,,,,,
HIGH_LOAD,100,2001,IEEE_BASELINE,54,1,25.30,24.83,98.04,395.79,420.62,370.49,395.32,true,2,,,,,
HIGH_LOAD,100,2001,IEEE_BASELINE,55,3,25.44,17.49,57.55,481.04,498.53,455.60,473.09,true,3,,,,,
HIGH_LOAD,100,2001,IEEE_BASELINE,56,3,25.68,17.43,62.42,313.53,330.96,287.85,305.28,true,1,,,,,
HIGH_LOAD,100,2001,IEEE_BASELINE,57,8,26.25,26.86,100.00,420.73,447.59,394.48,421.34,true,2,,,,,
HIGH_LOAD,100,2001,IEEE_BASELINE,58,2,26.79,26.81,95.58,447.70,474.51,420.91,447.72,true,2,,,,,
HIGH_LOAD,100,2001,IEEE_BASELINE,59,1,27.53,32.95,122.03,474.62,507.57,447.09,480.04,true,2,,,,,
HIGH_LOAD,100,2001,IEEE_BASELINE,60,2,27.85,27.02,95.03,331.07,358.09,303.22,330.24,true,1,,,,,
HIGH_LOAD,100,2001,IEEE_BASELINE,61,3,28.60,39.75,132.12,319.93,359.68,291.33,331.08,true,0,,,,,
HIGH_LOAD,100,2001,IEEE_BASELINE,62,2,29.08,33.03,113.66,358.20,391.23,329.12,362.15,true,1,,,,,
HIGH_LOAD,100,2001,IEEE_BASELINE,63,8,29.64,27.48,87.69,498.64,526.12,469.00,496.48,true,3,,,,,
HIGH_LOAD,100,2001,IEEE_BASELINE,64,10,30.39,15.86,66.35,507.68,523.54,477.29,493.15,true,2,,,,,
HIGH_LOAD,100,2001,IEEE_BASELINE,65,3,30.93,17.69,67.86,523.65,541.34,492.72,510.41,true,2,,,,,
HIGH_LOAD,100,2001,IEEE_BASELINE,66,1,31.47,21.64,80.43,359.79,381.43,328.32,349.96,true,0,,,,,
HIGH_LOAD,100,2001,IEEE_BASELINE,67,4,31.68,17.32,81.32,381.54,398.86,349.86,367.18,true,0,,,,,
HIGH_LOAD,100,2001,IEEE_BASELINE,68,7,32.35,18.10,81.05,391.34,409.44,358.99,377.09,true,1,,,,,
HIGH_LOAD,100,2001,IEEE_BASELINE,69,3,32.68,40.06,120.18,526.23,566.29,493.55,533.61,true,3,,,,,
HIGH_LOAD,100,2001,IEEE_BASELINE,70,8,33.48,26.78,90.65,398.97,425.75,365.49,392.27,true,0,,,,,
HIGH_LOAD,100,2001,IEEE_BASELINE,71,1,33.96,22.76,79.39,409.55,432.31,375.59,398.35,true,1,,,,,
HIGH_LOAD,100,2001,IEEE_BASELINE,72,3,34.57,27.14,95.92,566.40,593.54,531.83,558.97,true,3,,,,,
HIGH_LOAD,100,2001,IEEE_BASELINE,73,10,34.98,27.97,109.47,432.42,460.39,397.44,425.41,true,1,,,,,
HIGH_LOAD,100,2001,IEEE_BASELINE,74,6,35.26,18.87,82.73,425.86,444.73,390.60,409.47,true,0,,,,,
HIGH_LOAD,100,2001,IEEE_BASELINE,75,3,35.98,24.33,93.58,541.45,565.78,505.47,529.80,true,2,,,,,
HIGH_LOAD,100,2001,IEEE_BASELINE,76,3,36.46,27.57,115.26,444.84,472.41,408.38,435.95,true,0,,,,,
HIGH_LOAD,100,2001,IEEE_BASELINE,77,5,37.19,38.54,126.67,460.50,499.04,423.31,461.85,true,1,,,,,
HIGH_LOAD,100,2001,IEEE_BASELINE,78,6,37.39,21.26,90.99,593.65,614.91,556.26,577.52,true,3,,,,,
HIGH_LOAD,100,2001,IEEE_BASELINE,79,1,37.82,17.84,83.36,565.89,583.73,528.07,545.91,true,2,,,,,
HIGH_LOAD,100,2001,IEEE_BASELINE,80,5,38.30,33.33,108.86,615.02,648.35,576.72,610.05,true,3,,,,,
HIGH_LOAD,100,2001,IEEE_BASELINE,81,8,38.48,29.46,94.32,499.15,528.61,460.67,490.13,true,1,,,,,
HIGH_LOAD,100,2001,IEEE_BASELINE,82,6,38.96,38.95,133.82,648.46,687.41,609.50,648.45,true,3,,,,,
HIGH_LOAD,100,2001,IEEE_BASELINE,83,5,39.44,35.62,135.66,583.84,619.46,544.40,580.02,true,2,,,,,
HIGH_LOAD,100,2001,IEEE_BASELINE,84,9,39.92,21.92,93.46,528.72,550.64,488.80,510.72,true,1,,,,,
HIGH_LOAD,100,2001,IEEE_BASELINE,85,3,40.72,39.39,153.62,472.52,511.91,431.80,471.19,true,0,,,,,
HIGH_LOAD,100,2001,IEEE_BASELINE,86,9,40.90,15.61,73.34,687.52,703.13,646.62,662.23,true,3,,,,,
HIGH_LOAD,100,2001,IEEE_BASELINE,87,8,41.05,18.38,87.67,619.57,637.95,578.52,596.90,true,2,,,,,
HIGH_LOAD,100,2001,IEEE_BASELINE,88,7,41.51,33.67,122.76,512.02,545.69,470.51,504.18,true,0,,,,,
HIGH_LOAD,100,2001,IEEE_BASELINE,89,4,41.73,23.17,93.13,550.75,573.92,509.02,532.19,true,1,,,,,
HIGH_LOAD,100,2001,IEEE_BASELINE,90,5,42.16,29.92,105.83,574.03,603.95,531.87,561.79,true,1,,,,,
HIGH_LOAD,100,2001,IEEE_BASELINE,91,7,42.30,33.48,114.39,545.80,579.28,503.50,536.98,true,0,,,,,
HIGH_LOAD,100,2001,IEEE_BASELINE,92,9,42.90,38.77,114.57,604.06,642.83,561.16,599.93,true,1,,,,,
HIGH_LOAD,100,2001,IEEE_BASELINE,93,9,43.53,26.00,103.61,642.94,668.94,599.41,625.41,true,1,,,,,
HIGH_LOAD,100,2001,IEEE_BASELINE,94,7,43.90,37.81,139.83,638.06,675.87,594.16,631.97,true,2,,,,,
HIGH_LOAD,100,2001,IEEE_BASELINE,95,2,44.39,36.96,151.73,579.39,616.35,535.00,571.96,true,0,,,,,
HIGH_LOAD,100,2001,IEEE_BASELINE,96,9,45.15,22.27,91.82,616.46,638.73,571.31,593.58,true,0,,,,,
HIGH_LOAD,100,2001,IEEE_BASELINE,97,3,45.75,26.09,108.70,638.84,664.93,593.09,619.18,true,0,,,,,
HIGH_LOAD,100,2001,IEEE_BASELINE,98,2,46.48,38.09,136.29,665.04,703.13,618.56,656.65,true,0,,,,,
HIGH_LOAD,100,2001,IEEE_BASELINE,99,8,47.12,20.85,85.45,669.05,689.90,621.93,642.78,true,1,,,,,
HIGH_LOAD,100,2001,PROPOSED_DEADLINE_AWARE,0,3,0.00,30.69,81.50,0.10,30.79,0.10,30.79,false,0,0.3225,0.4349,0.0020,0.3000,50.71
HIGH_LOAD,100,2001,PROPOSED_DEADLINE_AWARE,1,5,0.56,37.35,89.37,0.66,38.01,0.10,37.45,false,1,0.4256,0.5012,0.0020,0.5000,51.36
HIGH_LOAD,100,2001,PROPOSED_DEADLINE_AWARE,2,2,0.79,39.27,87.99,0.89,40.16,0.10,39.37,false,2,0.3411,0.5423,0.0020,0.2000,47.83
HIGH_LOAD,100,2001,PROPOSED_DEADLINE_AWARE,3,1,1.46,18.66,40.43,1.56,20.22,0.10,18.76,false,3,0.3251,0.5803,0.0020,0.1000,20.21
HIGH_LOAD,100,2001,PROPOSED_DEADLINE_AWARE,4,3,1.84,19.83,38.95,20.33,40.16,18.49,38.32,true,3,0.6452,1.0000,0.3091,0.3000,-1.21
HIGH_LOAD,100,2001,PROPOSED_DEADLINE_AWARE,5,5,2.18,32.15,70.84,38.12,70.27,35.94,68.09,false,1,0.8036,1.0000,0.5127,0.5000,0.57
HIGH_LOAD,100,2001,PROPOSED_DEADLINE_AWARE,6,10,2.82,25.09,60.44,30.90,55.99,28.08,53.17,false,0,0.8570,0.9069,0.4297,1.0000,4.45
HIGH_LOAD,100,2001,PROPOSED_DEADLINE_AWARE,7,10,2.98,23.83,60.37,70.38,94.21,67.40,91.23,true,1,0.9116,1.0000,0.7402,1.0000,-33.84
HIGH_LOAD,100,2001,PROPOSED_DEADLINE_AWARE,8,5,3.65,24.35,75.48,56.10,80.45,52.45,76.80,true,0,0.8037,1.0000,0.6497,0.5000,-4.97
HIGH_LOAD,100,2001,PROPOSED_DEADLINE_AWARE,9,8,3.88,21.75,57.22,80.56,102.31,76.68,98.43,true,0,0.8862,1.0000,0.7842,0.8000,-45.09
HIGH_LOAD,100,2001,PROPOSED_DEADLINE_AWARE,10,1,4.19,30.95,95.85,94.32,125.27,90.13,121.08,true,1,0.6732,1.0000,0.8351,0.1000,-29.42
HIGH_LOAD,100,2001,PROPOSED_DEADLINE_AWARE,11,4,4.72,37.18,115.21,125.38,162.56,120.66,157.84,true,1,0.7727,1.0000,0.9105,0.4000,-47.35
HIGH_LOAD,100,2001,PROPOSED_DEADLINE_AWARE,12,7,4.91,32.19,69.74,40.27,72.46,35.36,67.55,true,3,0.8665,1.0000,0.5070,0.7000,-2.72
HIGH_LOAD,100,2001,PROPOSED_DEADLINE_AWARE,13,10,5.30,26.30,79.88,102.42,128.72,97.12,123.42,true,0,0.9252,1.0000,0.8566,1.0000,-48.84
HIGH_LOAD,100,2001,PROPOSED_DEADLINE_AWARE,14,3,5.82,16.78,36.76,162.67,179.45,156.85,173.63,true,1,0.7391,1.0000,0.9566,0.3000,-142.69
HIGH_LOAD,100,2001,PROPOSED_DEADLINE_AWARE,15,1,6.44,28.71,72.42,128.83,157.54,122.39,151.10,true,0,0.6734,1.0000,0.9135,0.1000,-85.12
HIGH_LOAD,100,2001,PROPOSED_DEADLINE_AWARE,16,8,6.70,36.74,111.30,40.27,77.01,33.57,70.31,false,2,0.8885,1.0000,0.4890,0.8000,34.29
HIGH_LOAD,100,2001,PROPOSED_DEADLINE_AWARE,17,5,7.25,30.78,94.31,77.12,107.90,69.87,100.65,true,2,0.8038,1.0000,0.7528,0.5000,-13.59
HIGH_LOAD,100,2001,PROPOSED_DEADLINE_AWARE,18,8,7.83,29.75,77.95,179.56,209.31,171.73,201.48,true,1,0.8889,1.0000,0.9678,0.8000,-131.36
HIGH_LOAD,100,2001,PROPOSED_DEADLINE_AWARE,19,4,8.53,25.22,72.87,157.65,182.87,149.12,174.34,true,0,0.7730,1.0000,0.9493,0.4000,-110.00
HIGH_LOAD,100,2001,PROPOSED_DEADLINE_AWARE,20,1,9.12,34.60,80.15,108.01,142.61,98.89,133.49,true,2,0.6736,1.0000,0.8616,0.1000,-62.46
HIGH_LOAD,100,2001,PROPOSED_DEADLINE_AWARE,21,1,9.54,22.17,58.96,209.42,231.59,199.88,222.05,true,1,0.6736,1.0000,0.9816,0.1000,-172.63
HIGH_LOAD,100,2001,PROPOSED_DEADLINE_AWARE,22,7,9.78,27.20,74.69,231.70,258.90,221.92,249.12,true,1,0.8665,1.0000,0.9882,0.7000,-184.21
HIGH_LOAD,100,2001,PROPOSED_DEADLINE_AWARE,23,3,10.06,38.50,92.06,142.72,181.22,132.66,171.16,true,2,0.7394,1.0000,0.9296,0.3000,-89.16
HIGH_LOAD,100,2001,PROPOSED_DEADLINE_AWARE,24,1,10.23,28.52,64.37,72.57,101.09,62.34,90.86,true,3,0.6737,1.0000,0.7126,0.1000,-36.72
HIGH_LOAD,100,2001,PROPOSED_DEADLINE_AWARE,25,2,10.75,28.09,76.97,181.33,209.42,170.58,198.67,true,2,0.7067,1.0000,0.9670,0.2000,-132.45
HIGH_LOAD,100,2001,PROPOSED_DEADLINE_AWARE,26,3,10.87,36.96,110.51,259.01,295.97,248.14,285.10,true,1,0.7394,1.0000,0.9930,0.3000,-185.46
HIGH_LOAD,100,2001,PROPOSED_DEADLINE_AWARE,27,5,11.40,37.00,108.96,182.98,219.98,171.58,208.58,true,0,0.8046,1.0000,0.9677,0.5000,-111.02
HIGH_LOAD,100,2001,PROPOSED_DEADLINE_AWARE,28,8,11.61,31.67,95.07,220.09,251.76,208.48,240.15,true,0,0.8895,1.0000,0.9845,0.8000,-156.69
HIGH_LOAD,100,2001,PROPOSED_DEADLINE_AWARE,29,10,11.90,24.86,59.34,101.20,126.06,89.30,114.16,true,3,0.9038,1.0000,0.8324,1.0000,-66.72
HIGH_LOAD,100,2001,PROPOSED_DEADLINE_AWARE,30,1,12.67,32.88,94.79,251.87,284.75,239.20,272.08,true,0,0.6738,1.0000,0.9916,0.1000,-189.96
HIGH_LOAD,100,2001,PROPOSED_DEADLINE_AWARE,31,1,13.35,24.35,73.96,296.08,320.43,282.73,307.08,true,1,0.6739,1.0000,0.9965,0.1000,-246.47
HIGH_LOAD,100,2001,PROPOSED_DEADLINE_AWARE,32,9,14.12,35.67,114.12,320.54,356.21,306.42,342.09,true,1,0.9017,1.0000,0.9978,0.9000,-242.09
HIGH_LOAD,100,2001,PROPOSED_DEADLINE_AWARE,33,4,14.59,39.83,93.17,126.17,166.00,111.58,151.41,true,3,0.7729,1.0000,0.8926,0.4000,-72.83
HIGH_LOAD,100,2001,PROPOSED_DEADLINE_AWARE,34,6,15.29,32.25,74.20,166.11,198.36,150.82,183.07,true,3,0.8352,1.0000,0.9510,0.6000,-124.16
HIGH_LOAD,100,2001,PROPOSED_DEADLINE_AWARE,35,2,15.98,23.84,70.44,284.86,308.70,268.88,292.72,true,0,0.7071,1.0000,0.9954,0.2000,-238.26
HIGH_LOAD,100,2001,PROPOSED_DEADLINE_AWARE,36,8,16.59,24.26,73.67,198.47,222.73,181.88,206.14,true,3,0.8888,1.0000,0.9737,0.8000,-149.06
HIGH_LOAD,100,2001,PROPOSED_DEADLINE_AWARE,37,4,16.77,18.95,52.09,209.53,228.48,192.76,211.71,true,2,0.7729,1.0000,0.9788,0.4000,-176.39
HIGH_LOAD,100,2001,PROPOSED_DEADLINE_AWARE,38,5,17.16,16.34,48.09,356.32,372.66,339.16,355.50,true,1,0.8046,1.0000,0.9989,0.5000,-324.57
HIGH_LOAD,100,2001,PROPOSED_DEADLINE_AWARE,39,8,17.79,34.68,80.96,372.77,407.45,354.98,389.66,true,1,0.8929,1.0000,0.9992,0.8000,-326.49
HIGH_LOAD,100,2001,PROPOSED_DEADLINE_AWARE,40,8,18.21,18.49,55.08,222.84,241.33,204.63,223.12,true,3,0.8934,1.0000,0.9833,0.8000,-186.25
HIGH_LOAD,100,2001,PROPOSED_DEADLINE_AWARE,41,5,18.70,35.71,107.13,241.44,277.15,222.74,258.45,true,3,0.8047,1.0000,0.9884,0.5000,-170.02
HIGH_LOAD,100,2001,PROPOSED_DEADLINE_AWARE,42,10,19.49,32.20,103.97,228.59,260.79,209.10,241.30,true,2,0.9318,1.0000,0.9847,1.0000,-156.82
HIGH_LOAD,100,2001,PROPOSED_DEADLINE_AWARE,43,7,20.29,23.40,80.96,308.81,332.21,288.52,311.92,true,0,0.8657,1.0000,0.9969,0.7000,-251.25
HIGH_LOAD,100,2001,PROPOSED_DEADLINE_AWARE,44,9,20.40,23.85,63.59,260.90,284.75,240.50,264.35,true,2,0.8572,1.0000,0.9919,0.9000,-221.16
HIGH_LOAD,100,2001,PROPOSED_DEADLINE_AWARE,45,7,21.16,26.52,75.26,284.86,311.38,263.70,290.22,true,2,0.8661,1.0000,0.9949,0.7000,-236.12
HIGH_LOAD,100,2001,PROPOSED_DEADLINE_AWARE,46,5,21.95,27.28,101.94,311.49,338.77,289.54,316.82,true,2,0.8047,1.0000,0.9969,0.5000,-236.83
HIGH_LOAD,100,2001,PROPOSED_DEADLINE_AWARE,47,7,22.21,18.07,57.70,332.32,350.39,310.11,328.18,true,0,0.8680,1.0000,0.9980,0.7000,-292.69
HIGH_LOAD,100,2001,PROPOSED_DEADLINE_AWARE,48,3,22.56,21.43,79.28,277.26,298.69,254.70,276.13,true,3,0.7391,1.0000,0.9939,0.3000,-219.41
HIGH_LOAD,100,2001,PROPOSED_DEADLINE_AWARE,49,9,23.00,23.72,85.12,298.80,322.52,275.80,299.52,true,3,0.8831,1.0000,0.9960,0.9000,-237.40
HIGH_LOAD,100,2001,PROPOSED_DEADLINE_AWARE,50,3,23.75,15.55,65.07,350.50,366.05,326.75,342.30,true,0,0.7392,1.0000,0.9985,0.3000,-300.98
HIGH_LOAD,100,2001,PROPOSED_DEADLINE_AWARE,51,3,24.02,16.31,67.15,366.16,382.47,342.14,358.45,true,0,0.7397,1.0000,0.9989,0.3000,-315.32
HIGH_LOAD,100,2001,PROPOSED_DEADLINE_AWARE,52,2,24.73,37.16,95.69,322.63,359.79,297.90,335.06,true,3,0.7069,1.0000,0.9974,0.2000,-264.10
HIGH_LOAD,100,2001,PROPOSED_DEADLINE_AWARE,53,10,24.99,21.21,67.32,407.56,428.77,382.57,403.78,true,1,0.9134,1.0000,0.9995,1.0000,-361.45
HIGH_LOAD,100,2001,PROPOSED_DEADLINE_AWARE,54,1,25.30,24.83,98.04,338.88,363.71,313.58,338.41,true,2,0.6739,1.0000,0.9981,0.1000,-265.67
HIGH_LOAD,100,2001,PROPOSED_DEADLINE_AWARE,55,3,25.44,17.53,57.55,359.90,377.43,334.46,351.99,true,3,0.7397,1.0000,0.9988,0.3000,-319.88
HIGH_LOAD,100,2001,PROPOSED_DEADLINE_AWARE,56,3,25.68,17.43,62.42,363.82,381.25,338.14,355.57,true,2,0.7401,1.0000,0.9988,0.3000,-318.83
HIGH_LOAD,100,2001,PROPOSED_DEADLINE_AWARE,57,8,26.25,26.86,100.00,381.36,408.22,355.11,381.97,true,2,0.8921,1.0000,0.9992,0.8000,-308.22
HIGH_LOAD,100,2001,PROPOSED_DEADLINE_AWARE,58,2,26.79,26.81,95.58,408.33,435.14,381.54,408.35,true,2,0.7069,1.0000,0.9995,0.2000,-339.56
HIGH_LOAD,100,2001,PROPOSED_DEADLINE_AWARE,59,1,27.53,32.90,122.03,377.54,410.44,350.01,382.91,true,3,0.6739,1.0000,0.9991,0.1000,-288.41
HIGH_LOAD,100,2001,PROPOSED_DEADLINE_AWARE,60,2,27.85,27.02,95.03,428.88,455.90,401.03,428.05,true,1,0.7071,1.0000,0.9997,0.2000,-360.87
HIGH_LOAD,100,2001,PROPOSED_DEADLINE_AWARE,61,3,28.60,39.75,132.12,382.58,422.33,353.98,393.73,true,0,0.7400,1.0000,0.9992,0.3000,-290.21
HIGH_LOAD,100,2001,PROPOSED_DEADLINE_AWARE,62,2,29.08,33.03,113.66,422.44,455.47,393.36,426.39,true,0,0.7073,1.0000,0.9996,0.2000,-341.81
HIGH_LOAD,100,2001,PROPOSED_DEADLINE_AWARE,63,8,29.64,27.48,87.69,455.58,483.06,425.94,453.42,true,0,0.8923,1.0000,0.9998,0.8000,-395.37
HIGH_LOAD,100,2001,PROPOSED_DEADLINE_AWARE,64,10,30.39,15.88,66.35,435.25,451.13,404.86,420.74,true,2,0.9100,1.0000,0.9997,1.0000,-384.78
HIGH_LOAD,100,2001,PROPOSED_DEADLINE_AWARE,65,3,30.93,17.69,67.86,456.01,473.70,425.08,442.77,true,1,0.7400,1.0000,0.9998,0.3000,-405.84
HIGH_LOAD,100,2001,PROPOSED_DEADLINE_AWARE,66,1,31.47,21.62,80.43,483.17,504.79,451.70,473.32,true,0,0.6740,1.0000,0.9999,0.1000,-424.36
HIGH_LOAD,100,2001,PROPOSED_DEADLINE_AWARE,67,4,31.68,17.31,81.32,451.24,468.55,419.56,436.87,true,2,0.7730,1.0000,0.9998,0.4000,-387.23
HIGH_LOAD,100,2001,PROPOSED_DEADLINE_AWARE,68,7,32.35,18.00,81.05,410.55,428.55,378.20,396.20,true,3,0.8670,1.0000,0.9995,0.7000,-347.50
HIGH_LOAD,100,2001,PROPOSED_DEADLINE_AWARE,69,3,32.68,40.00,120.18,428.66,468.66,395.98,435.98,true,3,0.7400,1.0000,0.9996,0.3000,-348.48
HIGH_LOAD,100,2001,PROPOSED_DEADLINE_AWARE,70,8,33.48,26.76,90.65,468.77,495.53,435.29,462.05,true,3,0.8939,1.0000,0.9998,0.8000,-404.88
HIGH_LOAD,100,2001,PROPOSED_DEADLINE_AWARE,71,1,33.96,22.76,79.39,473.81,496.57,439.85,462.61,true,1,0.6740,1.0000,0.9998,0.1000,-417.18
HIGH_LOAD,100,2001,PROPOSED_DEADLINE_AWARE,72,3,34.57,27.09,95.92,468.66,495.75,434.09,461.18,true,2,0.7403,1.0000,0.9998,0.3000,-399.83
HIGH_LOAD,100,2001,PROPOSED_DEADLINE_AWARE,73,10,34.98,27.97,109.47,504.90,532.87,469.92,497.89,true,0,0.9225,1.0000,0.9999,1.0000,-423.40
HIGH_LOAD,100,2001,PROPOSED_DEADLINE_AWARE,74,6,35.26,18.87,82.73,496.68,515.55,461.42,480.29,true,1,0.8349,1.0000,0.9999,0.6000,-432.82
HIGH_LOAD,100,2001,PROPOSED_DEADLINE_AWARE,75,3,35.98,24.38,93.58,515.66,540.04,479.68,504.06,true,1,0.7403,1.0000,0.9999,0.3000,-446.46
HIGH_LOAD,100,2001,PROPOSED_DEADLINE_AWARE,76,3,36.46,27.57,115.26,532.98,560.55,496.52,524.09,true,0,0.7409,1.0000,1.0000,0.3000,-445.29
HIGH_LOAD,100,2001,PROPOSED_DEADLINE_AWARE,77,5,37.19,38.54,126.67,540.15,578.69,502.96,541.50,true,1,0.8044,1.0000,1.0000,0.5000,-452.02
HIGH_LOAD,100,2001,PROPOSED_DEADLINE_AWARE,78,6,37.39,21.32,90.99,495.86,517.18,458.47,479.79,true,2,0.8352,1.0000,0.9999,0.6000,-426.19
HIGH_LOAD,100,2001,PROPOSED_DEADLINE_AWARE,79,1,37.82,17.84,83.36,517.29,535.13,479.47,497.31,true,2,0.6741,1.0000,0.9999,0.1000,-451.77
HIGH_LOAD,100,2001,PROPOSED_DEADLINE_AWARE,80,5,38.30,33.33,108.86,560.66,593.99,522.36,555.69,true,0,0.8052,1.0000,1.0000,0.5000,-485.13
HIGH_LOAD,100,2001,PROPOSED_DEADLINE_AWARE,81,8,38.48,29.46,94.32,535.24,564.70,496.76,526.22,true,2,0.8947,1.0000,1.0000,0.8000,-470.38
HIGH_LOAD,100,2001,PROPOSED_DEADLINE_AWARE,82,6,38.96,38.86,133.82,495.64,534.50,456.68,495.54,true,3,0.8359,1.0000,0.9999,0.6000,-400.68
HIGH_LOAD,100,2001,PROPOSED_DEADLINE_AWARE,83,5,39.44,35.52,135.66,564.81,600.33,525.37,560.89,true,2,0.8052,1.0000,1.0000,0.5000,-464.67
HIGH_LOAD,100,2001,PROPOSED_DEADLINE_AWARE,84,9,39.92,21.92,93.46,534.61,556.53,494.69,516.61,true,3,0.8887,1.0000,0.9999,0.9000,-463.07
HIGH_LOAD,100,2001,PROPOSED_DEADLINE_AWARE,85,3,40.72,39.39,153.62,578.80,618.19,538.08,577.47,true,1,0.7409,1.0000,1.0000,0.3000,-464.57
HIGH_LOAD,100,2001,PROPOSED_DEADLINE_AWARE,86,9,40.90,15.62,73.34,594.10,609.72,553.20,568.82,true,0,0.9018,1.0000,1.0000,0.9000,-536.38
HIGH_LOAD,100,2001,PROPOSED_DEADLINE_AWARE,87,8,41.05,18.32,87.67,618.30,636.62,577.25,595.57,true,1,0.8949,1.0000,1.0000,0.8000,-548.95
HIGH_LOAD,100,2001,PROPOSED_DEADLINE_AWARE,88,7,41.51,33.59,122.76,636.73,670.32,595.22,628.81,true,1,0.8660,1.0000,1.0000,0.7000,-547.56
HIGH_LOAD,100,2001,PROPOSED_DEADLINE_AWARE,89,4,41.73,23.17,93.13,609.83,633.00,568.10,591.27,true,0,0.7727,1.0000,1.0000,0.4000,-539.87
HIGH_LOAD,100,2001,PROPOSED_DEADLINE_AWARE,90,5,42.16,29.92,105.83,556.64,586.56,514.48,544.40,true,3,0.8054,1.0000,1.0000,0.5000,-480.73
HIGH_LOAD,100,2001,PROPOSED_DEADLINE_AWARE,91,7,42.30,33.51,114.39,600.44,633.95,558.14,591.65,true,2,0.8666,1.0000,1.0000,0.7000,-519.56
HIGH_LOAD,100,2001,PROPOSED_DEADLINE_AWARE,92,9,42.90,38.74,114.57,586.67,625.41,543.77,582.51,true,3,0.9010,1.0000,1.0000,0.9000,-510.84
HIGH_LOAD,100,2001,PROPOSED_DEADLINE_AWARE,93,9,43.53,26.04,103.61,634.06,660.10,590.53,616.57,true,2,0.9015,1.0000,1.0000,0.9000,-556.49
HIGH_LOAD,100,2001,PROPOSED_DEADLINE_AWARE,94,7,43.90,37.86,139.83,633.11,670.97,589.21,627.07,true,0,0.8676,1.0000,1.0000,0.7000,-531.14
HIGH_LOAD,100,2001,PROPOSED_DEADLINE_AWARE,95,2,44.39,36.98,151.73,660.21,697.19,615.82,652.80,true,2,0.7072,1.0000,1.0000,0.2000,-545.46
HIGH_LOAD,100,2001,PROPOSED_DEADLINE_AWARE,96,9,45.15,22.29,91.82,670.43,692.72,625.28,647.57,true,1,0.9041,1.0000,1.0000,0.9000,-600.90
HIGH_LOAD,100,2001,PROPOSED_DEADLINE_AWARE,97,3,45.75,26.09,108.70,625.52,651.61,579.77,605.86,true,3,0.7408,1.0000,1.0000,0.3000,-542.91
HIGH_LOAD,100,2001,PROPOSED_DEADLINE_AWARE,98,2,46.48,38.03,136.29,651.72,689.75,605.24,643.27,true,3,0.7073,1.0000,1.0000,0.2000,-553.46
HIGH_LOAD,100,2001,PROPOSED_DEADLINE_AWARE,99,8,47.12,20.85,85.45,671.08,691.93,623.96,644.81,true,0,0.8941,1.0000,1.0000,0.8000,-606.48
DEADLINE_SENSITIVE,20,3001,IEEE_BASELINE,0,9,0.00,27.63,47.67,0.10,27.73,0.10,27.73,false,0,,,,,
DEADLINE_SENSITIVE,20,3001,IEEE_BASELINE,1,9,0.87,12.38,17.94,0.97,13.35,0.10,12.48,false,1,,,,,
DEADLINE_SENSITIVE,20,3001,IEEE_BASELINE,2,9,1.43,10.37,19.18,1.53,11.90,0.10,10.47,false,2,,,,,
DEADLINE_SENSITIVE,20,3001,IEEE_BASELINE,3,7,2.82,14.28,30.01,2.92,17.20,0.10,14.38,false,3,,,,,
DEADLINE_SENSITIVE,20,3001,IEEE_BASELINE,4,9,3.66,26.64,59.27,12.01,38.65,8.35,34.99,false,2,,,,,
DEADLINE_SENSITIVE,20,3001,IEEE_BASELINE,5,9,4.56,22.65,32.47,38.76,61.41,34.20,56.85,true,2,,,,,
DEADLINE_SENSITIVE,20,3001,IEEE_BASELINE,6,4,5.73,27.28,61.47,17.31,44.59,11.58,38.86,false,3,,,,,
DEADLINE_SENSITIVE,20,3001,IEEE_BASELINE,7,2,6.78,12.30,30.51,44.70,57.00,37.92,50.22,true,3,,,,,
DEADLINE_SENSITIVE,20,3001,IEEE_BASELINE,8,7,7.51,13.73,27.61,57.11,70.84,49.60,63.33,true,3,,,,,
DEADLINE_SENSITIVE,20,3001,IEEE_BASELINE,9,4,8.54,27.60,51.67,27.84,55.44,19.30,46.90,true,0,,,,,
DEADLINE_SENSITIVE,20,3001,IEEE_BASELINE,10,9,9.51,16.42,38.12,13.46,29.88,3.95,20.37,false,1,,,,,
DEADLINE_SENSITIVE,20,3001,IEEE_BASELINE,11,4,10.11,13.28,31.18,70.95,84.23,60.84,74.12,true,3,,,,,
DEADLINE_SENSITIVE,20,3001,IEEE_BASELINE,12,2,11.51,7.00,21.54,29.99,36.99,18.48,25.48,true,1,,,,,
DEADLINE_SENSITIVE,20,3001,IEEE_BASELINE,13,10,13.28,14.68,32.88,55.55,70.23,42.27,56.95,true,0,,,,,
DEADLINE_SENSITIVE,20,3001,IEEE_BASELINE,14,2,13.87,17.30,45.20,70.34,87.64,56.47,73.77,true,0,,,,,
DEADLINE_SENSITIVE,20,3001,IEEE_BASELINE,15,5,15.37,10.88,29.08,61.52,72.40,46.15,57.03,true,2,,,,,
DEADLINE_SENSITIVE,20,3001,IEEE_BASELINE,16,1,16.92,23.09,59.88,37.10,60.19,20.18,43.27,true,1,,,,,
DEADLINE_SENSITIVE,20,3001,IEEE_BASELINE,17,4,17.57,16.32,44.03,60.30,76.62,42.73,59.05,true,1,,,,,
DEADLINE_SENSITIVE,20,3001,IEEE_BASELINE,18,1,19.47,14.06,43.20,72.51,86.57,53.04,67.10,true,2,,,,,
DEADLINE_SENSITIVE,20,3001,IEEE_BASELINE,19,5,21.11,23.81,68.82,76.73,100.54,55.62,79.43,true,1,,,,,
DEADLINE_SENSITIVE,20,3001,PROPOSED_DEADLINE_AWARE,0,9,0.00,27.63,47.67,0.10,27.73,0.10,27.73,false,0,0.6617,0.6934,0.0020,0.9000,19.94
DEADLINE_SENSITIVE,20,3001,PROPOSED_DEADLINE_AWARE,1,9,0.87,12.38,17.94,0.97,13.35,0.10,12.48,false,1,0.7264,0.8228,0.0020,0.9000,4.59
DEADLINE_SENSITIVE,20,3001,PROPOSED_DEADLINE_AWARE,2,9,1.43,10.37,19.18,1.53,11.90,0.10,10.47,false,2,0.6653,0.7006,0.0020,0.9000,7.28
DEADLINE_SENSITIVE,20,3001,PROPOSED_DEADLINE_AWARE,3,7,2.82,14.28,30.01,2.92,17.20,0.10,14.38,false,3,0.5608,0.6316,0.0020,0.7000,12.81
DEADLINE_SENSITIVE,20,3001,PROPOSED_DEADLINE_AWARE,4,9,3.66,26.63,59.27,12.01,38.64,8.35,34.98,false,2,0.6728,0.6737,0.1538,0.9000,20.63
DEADLINE_SENSITIVE,20,3001,PROPOSED_DEADLINE_AWARE,5,9,4.56,22.60,32.47,13.46,36.06,8.90,31.50,true,1,0.8370,1.0000,0.1631,0.9000,-3.59
DEADLINE_SENSITIVE,20,3001,PROPOSED_DEADLINE_AWARE,6,4,5.73,27.28,61.47,38.75,66.03,33.02,60.30,true,2,0.6992,1.0000,0.4834,0.4000,-4.56
DEADLINE_SENSITIVE,20,3001,PROPOSED_DEADLINE_AWARE,7,2,6.78,12.30,30.51,66.14,78.44,59.36,71.66,true,2,0.6510,1.0000,0.6949,0.2000,-47.93
DEADLINE_SENSITIVE,20,3001,PROPOSED_DEADLINE_AWARE,8,7,7.51,13.64,27.61,17.31,30.95,9.80,23.44,true,3,0.7937,1.0000,0.1780,0.7000,-3.34
DEADLINE_SENSITIVE,20,3001,PROPOSED_DEADLINE_AWARE,9,4,8.54,27.56,51.67,31.06,58.62,22.52,50.08,true,3,0.7034,1.0000,0.3626,0.4000,-6.95
DEADLINE_SENSITIVE,20,3001,PROPOSED_DEADLINE_AWARE,10,9,9.51,16.42,38.12,27.84,44.26,18.33,34.75,true,0,0.8547,1.0000,0.3069,0.9000,-6.14
DEADLINE_SENSITIVE,20,3001,PROPOSED_DEADLINE_AWARE,11,4,10.11,13.28,31.18,36.17,49.45,26.06,39.34,true,1,0.7032,1.0000,0.4062,0.4000,-18.27
DEADLINE_SENSITIVE,20,3001,PROPOSED_DEADLINE_AWARE,12,2,11.51,7.03,21.54,44.37,51.40,32.86,39.89,true,0,0.6493,1.0000,0.4817,0.2000,-29.86
DEADLINE_SENSITIVE,20,3001,PROPOSED_DEADLINE_AWARE,13,10,13.28,14.69,32.88,58.73,73.42,45.45,60.14,true,3,0.8384,0.9561,0.5971,1.0000,-40.54
DEADLINE_SENSITIVE,20,3001,PROPOSED_DEADLINE_AWARE,14,2,13.87,17.30,45.20,73.53,90.83,59.66,76.96,true,3,0.6511,1.0000,0.6968,0.2000,-45.63
DEADLINE_SENSITIVE,20,3001,PROPOSED_DEADLINE_AWARE,15,5,15.37,10.88,29.08,49.56,60.44,34.19,45.07,true,1,0.7184,1.0000,0.4953,0.5000,-31.36
DEADLINE_SENSITIVE,20,3001,PROPOSED_DEADLINE_AWARE,16,1,16.92,23.09,59.88,51.51,74.60,34.59,57.68,true,0,0.6153,1.0000,0.4993,0.1000,-14.72
DEADLINE_SENSITIVE,20,3001,PROPOSED_DEADLINE_AWARE,17,4,17.57,16.27,44.03,60.55,76.82,42.98,59.25,true,1,0.7085,1.0000,0.5767,0.4000,-32.79
DEADLINE_SENSITIVE,20,3001,PROPOSED_DEADLINE_AWARE,18,1,19.47,14.01,43.20,76.93,90.94,57.46,71.47,true,1,0.6145,1.0000,0.6831,0.1000,-47.74
DEADLINE_SENSITIVE,20,3001,PROPOSED_DEADLINE_AWARE,19,5,21.11,23.76,68.82,74.71,98.47,53.60,77.36,true,0,0.7084,0.9732,0.6577,0.5000,-29.65
DEADLINE_SENSITIVE,50,3001,IEEE_BASELINE,0,9,0.00,27.63,47.67,0.10,27.73,0.10,27.73,false,0,,,,,
DEADLINE_SENSITIVE,50,3001,IEEE_BASELINE,1,9,0.87,12.38,17.94,0.97,13.35,0.10,12.48,false,1,,,,,
DEADLINE_SENSITIVE,50,3001,IEEE_BASELINE,2,9,1.43,10.37,19.18,1.53,11.90,0.10,10.47,false,2,,,,,
DEADLINE_SENSITIVE,50,3001,IEEE_BASELINE,3,7,2.82,14.28,30.01,2.92,17.20,0.10,14.38,false,3,,,,,
DEADLINE_SENSITIVE,50,3001,IEEE_BASELINE,4,9,3.66,26.63,59.27,12.01,38.64,8.35,34.98,false,2,,,,,
DEADLINE_SENSITIVE,50,3001,IEEE_BASELINE,5,9,4.56,22.66,32.47,27.84,50.50,23.28,45.94,true,0,,,,,
DEADLINE_SENSITIVE,50,3001,IEEE_BASELINE,6,4,5.73,27.28,61.47,13.46,40.74,7.73,35.01,false,1,,,,,
DEADLINE_SENSITIVE,50,3001,IEEE_BASELINE,7,2,6.78,12.30,30.51,17.31,29.61,10.53,22.83,false,3,,,,,
DEADLINE_SENSITIVE,50,3001,IEEE_BASELINE,8,7,7.51,13.73,27.61,29.72,43.45,22.21,35.94,true,3,,,,,
DEADLINE_SENSITIVE,50,3001,IEEE_BASELINE,9,4,8.54,27.60,51.67,50.61,78.21,42.07,69.67,true,0,,,,,
DEADLINE_SENSITIVE,50,3001,IEEE_BASELINE,10,9,9.51,16.42,38.12,40.85,57.27,31.34,47.76,true,1,,,,,
DEADLINE_SENSITIVE,50,3001,IEEE_BASELINE,11,4,10.11,13.28,31.18,43.56,56.84,33.45,46.73,true,3,,,,,
DEADLINE_SENSITIVE,50,3001,IEEE_BASELINE,12,2,11.51,7.03,21.54,57.38,64.41,45.87,52.90,true,1,,,,,
DEADLINE_SENSITIVE,50,3001,IEEE_BASELINE,13,10,13.28,14.69,32.88,78.32,93.01,65.04,79.73,true,0,,,,,
DEADLINE_SENSITIVE,50,3001,IEEE_BASELINE,14,2,13.87,17.30,45.20,56.95,74.25,43.08,60.38,true,3,,,,,
DEADLINE_SENSITIVE,50,3001,IEEE_BASELINE,15,5,15.37,10.88,29.08,64.52,75.40,49.15,60.03,true,1,,,,,
DEADLINE_SENSITIVE,50,3001,IEEE_BASELINE,16,1,16.92,23.09,59.88,38.75,61.84,21.83,44.92,true,2,,,,,
DEADLINE_SENSITIVE,50,3001,IEEE_BASELINE,17,4,17.57,16.27,44.03,93.12,109.39,75.55,91.82,true,0,,,,,
DEADLINE_SENSITIVE,50,3001,IEEE_BASELINE,18,1,19.47,14.06,43.20,109.50,123.56,90.03,104.09,true,0,,,,,
DEADLINE_SENSITIVE,50,3001,IEEE_BASELINE,19,5,21.11,23.74,68.82,74.36,98.10,53.25,76.99,true,3,,,,,
DEADLINE_SENSITIVE,50,3001,IEEE_BASELINE,20,8,21.86,26.90,78.66,98.21,125.11,76.35,103.25,true,3,,,,,
DEADLINE_SENSITIVE,50,3001,IEEE_BASELINE,21,9,22.59,7.21,37.05,125.22,132.43,102.63,109.84,true,3,,,,,
DEADLINE_SENSITIVE,50,3001,IEEE_BASELINE,22,8,23.80,11.44,45.37,132.54,143.98,108.74,120.18,true,3,,,,,
DEADLINE_SENSITIVE,50,3001,IEEE_BASELINE,23,1,24.24,22.37,65.07,75.51,97.88,51.27,73.64,true,1,,,,,
DEADLINE_SENSITIVE,50,3001,IEEE_BASELINE,24,10,24.66,6.50,37.50,144.09,150.59,119.43,125.93,true,3,,,,,
DEADLINE_SENSITIVE,50,3001,IEEE_BASELINE,25,8,26.12,23.07,62.64,97.99,121.06,71.87,94.94,true,1,,,,,
DEADLINE_SENSITIVE,50,3001,IEEE_BASELINE,26,1,27.52,10.94,42.07,150.70,161.64,123.18,134.12,true,3,,,,,
DEADLINE_SENSITIVE,50,3001,IEEE_BASELINE,27,6,28.19,18.11,66.00,121.17,139.28,92.98,111.09,true,1,,,,,
DEADLINE_SENSITIVE,50,3001,IEEE_BASELINE,28,5,28.85,13.16,56.68,123.67,136.83,94.82,107.98,true,0,,,,,
DEADLINE_SENSITIVE,50,3001,IEEE_BASELINE,29,1,29.85,27.99,88.35,136.94,164.93,107.09,135.08,true,0,,,,,
DEADLINE_SENSITIVE,50,3001,IEEE_BASELINE,30,1,31.21,24.07,83.52,139.39,163.46,108.18,132.25,true,1,,,,,
DEADLINE_SENSITIVE,50,3001,IEEE_BASELINE,31,3,32.07,22.32,80.65,163.57,185.89,131.50,153.82,true,1,,,,,
DEADLINE_SENSITIVE,50,3001,IEEE_BASELINE,32,8,32.90,15.16,58.31,161.75,176.91,128.85,144.01,true,3,,,,,
DEADLINE_SENSITIVE,50,3001,IEEE_BASELINE,33,2,34.65,18.40,64.87,61.95,80.35,27.30,45.70,true,2,,,,,
DEADLINE_SENSITIVE,50,3001,IEEE_BASELINE,34,6,35.20,28.80,83.86,177.02,205.82,141.82,170.62,true,3,,,,,
DEADLINE_SENSITIVE,50,3001,IEEE_BASELINE,35,5,35.71,17.42,63.02,80.46,97.88,44.75,62.17,true,2,,,,,
DEADLINE_SENSITIVE,50,3001,IEEE_BASELINE,36,7,37.64,29.54,85.87,97.99,127.53,60.35,89.89,true,2,,,,,
DEADLINE_SENSITIVE,50,3001,IEEE_BASELINE,37,6,38.99,10.12,52.29,127.64,137.76,88.65,98.77,true,2,,,,,
DEADLINE_SENSITIVE,50,3001,IEEE_BASELINE,38,2,40.82,24.75,89.72,165.04,189.79,124.22,148.97,true,0,,,,,
DEADLINE_SENSITIVE,50,3001,IEEE_BASELINE,39,6,41.78,12.04,56.31,137.87,149.91,96.09,108.13,true,2,,,,,
DEADLINE_SENSITIVE,50,3001,IEEE_BASELINE,40,7,42.80,14.22,66.50,150.02,164.24,107.22,121.44,true,2,,,,,
DEADLINE_SENSITIVE,50,3001,IEEE_BASELINE,41,9,43.37,20.08,84.91,164.35,184.43,120.98,141.06,true,2,,,,,
DEADLINE_SENSITIVE,50,3001,IEEE_BASELINE,42,4,44.21,17.88,77.92,186.00,203.88,141.79,159.67,true,1,,,,,
DEADLINE_SENSITIVE,50,3001,IEEE_BASELINE,43,1,44.79,9.47,58.95,184.54,194.01,139.75,149.22,true,2,,,,,
DEADLINE_SENSITIVE,50,3001,IEEE_BASELINE,44,2,46.24,13.19,63.11,189.90,203.09,143.66,156.85,true,0,,,,,
DEADLINE_SENSITIVE,50,3001,IEEE_BASELINE,45,4,47.64,20.94,80.06,205.93,226.87,158.29,179.23,true,3,,,,,
DEADLINE_SENSITIVE,50,3001,IEEE_BASELINE,46,6,48.31,18.91,75.62,194.12,213.03,145.81,164.72,true,2,,,,,
DEADLINE_SENSITIVE,50,3001,IEEE_BASELINE,47,6,49.40,24.22,98.55,203.99,228.21,154.59,178.81,true,1,,,,,
DEADLINE_SENSITIVE,50,3001,IEEE_BASELINE,48,10,50.79,25.57,82.89,203.20,228.77,152.41,177.98,true,0,,,,,
DEADLINE_SENSITIVE,50,3001,IEEE_BASELINE,49,6,51.74,6.51,63.07,213.14,219.65,161.40,167.91,true,2,,,,,
DEADLINE_SENSITIVE,50,3001,PROPOSED_DEADLINE_AWARE,0,9,0.00,27.63,47.67,0.10,27.73,0.10,27.73,false,0,0.6617,0.6934,0.0020,0.9000,19.94
DEADLINE_SENSITIVE,50,3001,PROPOSED_DEADLINE_AWARE,1,9,0.87,12.38,17.94,0.97,13.35,0.10,12.48,false,1,0.7264,0.8228,0.0020,0.9000,4.59
DEADLINE_SENSITIVE,50,3001,PROPOSED_DEADLINE_AWARE,2,9,1.43,10.37,19.18,1.53,11.90,0.10,10.47,false,2,0.6653,0.7006,0.0020,0.9000,7.28
DEADLINE_SENSITIVE,50,3001,PROPOSED_DEADLINE_AWARE,3,7,2.82,14.28,30.01,2.92,17.20,0.10,14.38,false,3,0.5608,0.6316,0.0020,0.7000,12.81
DEADLINE_SENSITIVE,50,3001,PROPOSED_DEADLINE_AWARE,4,9,3.66,26.63,59.27,12.01,38.64,8.35,34.98,false,2,0.6728,0.6737,0.1538,0.9000,20.63
DEADLINE_SENSITIVE,50,3001,PROPOSED_DEADLINE_AWARE,5,9,4.56,22.66,32.47,13.46,36.12,8.90,31.56,true,1,0.8370,1.0000,0.1631,0.9000,-3.65
DEADLINE_SENSITIVE,50,3001,PROPOSED_DEADLINE_AWARE,6,4,5.73,27.28,61.47,27.84,55.12,22.11,49.39,false,0,0.7450,1.0000,0.3574,0.4000,6.35
DEADLINE_SENSITIVE,50,3001,PROPOSED_DEADLINE_AWARE,7,2,6.78,12.30,30.51,36.23,48.53,29.45,41.75,true,1,0.6822,1.0000,0.4451,0.2000,-18.02
DEADLINE_SENSITIVE,50,3001,PROPOSED_DEADLINE_AWARE,8,7,7.51,13.73,27.61,38.75,52.48,31.24,44.97,true,2,0.8022,1.0000,0.4646,0.7000,-24.87
DEADLINE_SENSITIVE,50,3001,PROPOSED_DEADLINE_AWARE,9,4,8.54,27.60,51.67,48.64,76.24,40.10,67.70,true,1,0.7456,1.0000,0.5516,0.4000,-24.57
DEADLINE_SENSITIVE,50,3001,PROPOSED_DEADLINE_AWARE,10,9,9.51,16.42,38.12,55.23,71.65,45.72,62.14,true,0,0.8547,1.0000,0.5992,0.9000,-33.53
DEADLINE_SENSITIVE,50,3001,PROPOSED_DEADLINE_AWARE,11,4,10.11,13.28,31.18,17.31,30.59,7.20,20.48,false,3,0.7475,1.0000,0.1341,0.4000,0.59
DEADLINE_SENSITIVE,50,3001,PROPOSED_DEADLINE_AWARE,12,2,11.51,7.03,21.54,76.35,83.38,64.84,71.87,true,1,0.6835,1.0000,0.7266,0.2000,-61.84
DEADLINE_SENSITIVE,50,3001,PROPOSED_DEADLINE_AWARE,13,10,13.28,14.69,32.88,30.70,45.39,17.42,32.11,true,3,0.8384,0.9561,0.2942,1.0000,-12.51
DEADLINE_SENSITIVE,50,3001,PROPOSED_DEADLINE_AWARE,14,2,13.87,17.30,45.20,71.76,89.06,57.89,75.19,true,0,0.6832,1.0000,0.6858,0.2000,-43.86
DEADLINE_SENSITIVE,50,3001,PROPOSED_DEADLINE_AWARE,15,5,15.37,10.84,29.08,45.50,56.34,30.13,40.97,true,3,0.7726,1.0000,0.4526,0.5000,-27.26
DEADLINE_SENSITIVE,50,3001,PROPOSED_DEADLINE_AWARE,16,1,16.92,23.09,59.88,89.17,112.26,72.25,95.34,true,0,0.6505,1.0000,0.7643,0.1000,-52.38
DEADLINE_SENSITIVE,50,3001,PROPOSED_DEADLINE_AWARE,17,4,17.57,16.37,44.03,52.59,68.96,35.02,51.39,true,2,0.7460,1.0000,0.5036,0.4000,-24.93
DEADLINE_SENSITIVE,50,3001,PROPOSED_DEADLINE_AWARE,18,1,19.47,13.99,43.20,56.45,70.44,36.98,50.97,true,3,0.6509,1.0000,0.5227,0.1000,-27.24
DEADLINE_SENSITIVE,50,3001,PROPOSED_DEADLINE_AWARE,19,5,21.11,23.81,68.82,69.07,92.88,47.96,71.77,true,2,0.7726,1.0000,0.6168,0.5000,-24.06
DEADLINE_SENSITIVE,50,3001,PROPOSED_DEADLINE_AWARE,20,8,21.86,26.90,78.66,70.55,97.45,48.69,75.59,true,3,0.8098,0.9533,0.6224,0.8000,-18.79
DEADLINE_SENSITIVE,50,3001,PROPOSED_DEADLINE_AWARE,21,9,22.59,7.21,37.05,83.49,90.70,60.90,68.11,true,1,0.8462,1.0000,0.7042,0.9000,-53.65
DEADLINE_SENSITIVE,50,3001,PROPOSED_DEADLINE_AWARE,22,8,23.80,11.44,45.37,97.56,109.00,73.76,85.20,true,3,0.8131,1.0000,0.7713,0.8000,-63.63
DEADLINE_SENSITIVE,50,3001,PROPOSED_DEADLINE_AWARE,23,1,24.24,22.37,65.07,92.99,115.36,68.75,91.12,true,2,0.6502,1.0000,0.7472,0.1000,-50.29
DEADLINE_SENSITIVE,50,3001,PROPOSED_DEADLINE_AWARE,24,10,24.66,6.47,37.50,109.11,115.58,84.45,90.92,true,3,0.8682,1.0000,0.8153,1.0000,-78.08
DEADLINE_SENSITIVE,50,3001,PROPOSED_DEADLINE_AWARE,25,8,26.12,23.07,62.64,90.81,113.88,64.69,87.76,true,1,0.8175,1.0000,0.7258,0.8000,-51.24
DEADLINE_SENSITIVE,50,3001,PROPOSED_DEADLINE_AWARE,26,1,27.52,10.94,42.07,113.99,124.93,86.47,97.41,true,1,0.6511,1.0000,0.8226,0.1000,-82.86
DEADLINE_SENSITIVE,50,3001,PROPOSED_DEADLINE_AWARE,27,6,28.19,18.07,66.00,115.47,133.54,87.28,105.35,true,2,0.7844,1.0000,0.8255,0.6000,-67.54
DEADLINE_SENSITIVE,50,3001,PROPOSED_DEADLINE_AWARE,28,5,28.85,13.16,56.68,125.04,138.20,96.19,109.35,true,1,0.7697,1.0000,0.8539,0.5000,-81.52
DEADLINE_SENSITIVE,50,3001,PROPOSED_DEADLINE_AWARE,29,1,29.85,27.99,88.35,115.69,143.68,85.84,113.83,true,3,0.6514,1.0000,0.8204,0.1000,-55.33
DEADLINE_SENSITIVE,50,3001,PROPOSED_DEADLINE_AWARE,30,1,31.21,24.14,83.52,112.37,136.51,81.16,105.30,true,0,0.6519,1.0000,0.8027,0.1000,-52.99
DEADLINE_SENSITIVE,50,3001,PROPOSED_DEADLINE_AWARE,31,3,32.07,22.32,80.65,133.65,155.97,101.58,123.90,true,2,0.7114,1.0000,0.8689,0.3000,-75.32
DEADLINE_SENSITIVE,50,3001,PROPOSED_DEADLINE_AWARE,32,8,32.90,15.20,58.31,136.62,151.82,103.72,118.92,true,0,0.8069,1.0000,0.8744,0.8000,-93.51
DEADLINE_SENSITIVE,50,3001,PROPOSED_DEADLINE_AWARE,33,2,34.65,18.32,64.87,143.79,162.11,109.14,127.46,true,3,0.6797,1.0000,0.8873,0.2000,-97.24
DEADLINE_SENSITIVE,50,3001,PROPOSED_DEADLINE_AWARE,34,6,35.20,28.80,83.86,138.31,167.11,103.11,131.91,true,1,0.7854,1.0000,0.8728,0.6000,-83.25
DEADLINE_SENSITIVE,50,3001,PROPOSED_DEADLINE_AWARE,35,5,35.71,17.48,63.02,162.22,179.70,126.51,143.99,true,3,0.7689,1.0000,0.9204,0.5000,-116.68
DEADLINE_SENSITIVE,50,3001,PROPOSED_DEADLINE_AWARE,36,7,37.64,29.54,85.87,151.93,181.47,114.29,143.83,true,0,0.7898,1.0000,0.8983,0.7000,-95.60
DEADLINE_SENSITIVE,50,3001,PROPOSED_DEADLINE_AWARE,37,6,38.99,10.05,52.29,181.58,191.63,142.59,152.64,true,0,0.7845,1.0000,0.9423,0.6000,-139.34
DEADLINE_SENSITIVE,50,3001,PROPOSED_DEADLINE_AWARE,38,2,40.82,24.74,89.72,167.22,191.96,126.40,151.14,true,1,0.6791,1.0000,0.9202,0.2000,-102.24
DEADLINE_SENSITIVE,50,3001,PROPOSED_DEADLINE_AWARE,39,6,41.78,12.04,56.31,179.81,191.85,138.03,150.07,true,3,0.7838,1.0000,0.9367,0.6000,-135.54
DEADLINE_SENSITIVE,50,3001,PROPOSED_DEADLINE_AWARE,40,7,42.80,14.15,66.50,191.96,206.11,149.16,163.31,true,3,0.8050,1.0000,0.9494,0.7000,-139.61
DEADLINE_SENSITIVE,50,3001,PROPOSED_DEADLINE_AWARE,41,9,43.37,20.10,84.91,192.07,212.17,148.70,168.80,true,1,0.8614,1.0000,0.9489,0.9000,-127.26
DEADLINE_SENSITIVE,50,3001,PROPOSED_DEADLINE_AWARE,42,4,44.21,17.88,77.92,191.74,209.62,147.53,165.41,true,0,0.7417,1.0000,0.9477,0.4000,-131.70
DEADLINE_SENSITIVE,50,3001,PROPOSED_DEADLINE_AWARE,43,1,44.79,9.42,58.95,212.28,221.70,167.49,176.91,true,1,0.6501,1.0000,0.9649,0.1000,-162.75
DEADLINE_SENSITIVE,50,3001,PROPOSED_DEADLINE_AWARE,44,2,46.24,13.20,63.11,156.08,169.28,109.84,123.04,true,2,0.6784,1.0000,0.8888,0.2000,-106.17
DEADLINE_SENSITIVE,50,3001,PROPOSED_DEADLINE_AWARE,45,4,47.64,21.02,80.06,206.22,227.24,158.58,179.60,true,3,0.7408,1.0000,0.9581,0.4000,-147.18
DEADLINE_SENSITIVE,50,3001,PROPOSED_DEADLINE_AWARE,46,6,48.31,18.91,75.62,169.39,188.30,121.08,139.99,true,2,0.7828,1.0000,0.9112,0.6000,-112.68
DEADLINE_SENSITIVE,50,3001,PROPOSED_DEADLINE_AWARE,47,6,49.40,24.13,98.55,209.73,233.86,160.33,184.46,true,0,0.7842,1.0000,0.9595,0.6000,-135.31
DEADLINE_SENSITIVE,50,3001,PROPOSED_DEADLINE_AWARE,48,10,50.79,25.57,82.89,188.41,213.98,137.62,163.19,true,2,0.8023,0.8978,0.9362,1.0000,-131.09
DEADLINE_SENSITIVE,50,3001,PROPOSED_DEADLINE_AWARE,49,6,51.74,6.51,63.07,227.35,233.86,175.61,182.12,true,3,0.7854,1.0000,0.9702,0.6000,-170.79
DEADLINE_SENSITIVE,100,3001,IEEE_BASELINE,0,9,0.00,27.63,47.67,0.10,27.73,0.10,27.73,false,0,,,,,
DEADLINE_SENSITIVE,100,3001,IEEE_BASELINE,1,9,0.87,12.38,17.94,0.97,13.35,0.10,12.48,false,1,,,,,
DEADLINE_SENSITIVE,100,3001,IEEE_BASELINE,2,9,1.43,10.37,19.18,1.53,11.90,0.10,10.47,false,2,,,,,
DEADLINE_SENSITIVE,100,3001,IEEE_BASELINE,3,7,2.82,14.28,30.01,2.92,17.20,0.10,14.38,false,3,,,,,
DEADLINE_SENSITIVE,100,3001,IEEE_BASELINE,4,9,3.66,26.63,59.27,12.01,38.64,8.35,34.98,false,2,,,,,
DEADLINE_SENSITIVE,100,3001,IEEE_BASELINE,5,9,4.56,22.60,32.47,13.46,36.06,8.90,31.50,true,1,,,,,
DEADLINE_SENSITIVE,100,3001,IEEE_BASELINE,6,4,5.73,27.28,61.47,36.17,63.45,30.44,57.72,true,1,,,,,
DEADLINE_SENSITIVE,100,3001,IEEE_BASELINE,7,2,6.78,12.30,30.51,38.75,51.05,31.97,44.27,true,2,,,,,
DEADLINE_SENSITIVE,100,3001,IEEE_BASELINE,8,7,7.51,13.64,27.61,17.31,30.95,9.80,23.44,true,3,,,,,
DEADLINE_SENSITIVE,100,3001,IEEE_BASELINE,9,4,8.54,27.55,51.67,27.84,55.39,19.30,46.85,true,0,,,,,
DEADLINE_SENSITIVE,100,3001,IEEE_BASELINE,10,9,9.51,16.42,38.12,63.56,79.98,54.05,70.47,true,1,,,,,
DEADLINE_SENSITIVE,100,3001,IEEE_BASELINE,11,4,10.11,13.28,31.18,31.06,44.34,20.95,34.23,true,3,,,,,
DEADLINE_SENSITIVE,100,3001,IEEE_BASELINE,12,2,11.51,7.03,21.54,80.09,87.12,68.58,75.61,true,1,,,,,
DEADLINE_SENSITIVE,100,3001,IEEE_BASELINE,13,10,13.28,14.69,32.88,55.50,70.19,42.22,56.91,true,0,,,,,
DEADLINE_SENSITIVE,100,3001,IEEE_BASELINE,14,2,13.87,17.30,45.20,87.23,104.53,73.36,90.66,true,1,,,,,
DEADLINE_SENSITIVE,100,3001,IEEE_BASELINE,15,5,15.37,10.83,29.08,44.45,55.28,29.08,39.91,true,3,,,,,
DEADLINE_SENSITIVE,100,3001,IEEE_BASELINE,16,1,16.92,23.09,59.88,55.39,78.48,38.47,61.56,true,3,,,,,
DEADLINE_SENSITIVE,100,3001,IEEE_BASELINE,17,4,17.57,16.37,44.03,51.16,67.53,33.59,49.96,true,2,,,,,
DEADLINE_SENSITIVE,100,3001,IEEE_BASELINE,18,1,19.47,13.97,43.20,67.64,81.61,48.17,62.14,true,2,,,,,
DEADLINE_SENSITIVE,100,3001,IEEE_BASELINE,19,5,21.11,23.81,68.82,81.72,105.53,60.61,84.42,true,2,,,,,
DEADLINE_SENSITIVE,100,3001,IEEE_BASELINE,20,8,21.86,26.84,78.66,105.64,132.48,83.78,110.62,true,2,,,,,
DEADLINE_SENSITIVE,100,3001,IEEE_BASELINE,21,9,22.59,7.11,37.05,70.30,77.41,47.71,54.82,true,0,,,,,
DEADLINE_SENSITIVE,100,3001,IEEE_BASELINE,22,8,23.80,11.40,45.37,104.64,116.04,80.84,92.24,true,1,,,,,
DEADLINE_SENSITIVE,100,3001,IEEE_BASELINE,23,1,24.24,22.37,65.07,132.59,154.96,108.35,130.72,true,2,,,,,
DEADLINE_SENSITIVE,100,3001,IEEE_BASELINE,24,10,24.66,6.52,37.50,78.59,85.11,53.93,60.45,true,3,,,,,
DEADLINE_SENSITIVE,100,3001,IEEE_BASELINE,25,8,26.12,23.07,62.64,116.15,139.22,90.03,113.10,true,1,,,,,
DEADLINE_SENSITIVE,100,3001,IEEE_BASELINE,26,1,27.52,10.94,42.07,85.22,96.16,57.70,68.64,true,3,,,,,
DEADLINE_SENSITIVE,100,3001,IEEE_BASELINE,27,6,28.19,18.04,66.00,139.33,157.37,111.14,129.18,true,1,,,,,
DEADLINE_SENSITIVE,100,3001,IEEE_BASELINE,28,5,28.85,13.16,56.68,77.52,90.68,48.67,61.83,true,0,,,,,
DEADLINE_SENSITIVE,100,3001,IEEE_BASELINE,29,1,29.85,27.99,88.35,96.27,124.26,66.42,94.41,true,3,,,,,
DEADLINE_SENSITIVE,100,3001,IEEE_BASELINE,30,1,31.21,24.14,83.52,90.79,114.93,59.58,83.72,true,0,,,,,
DEADLINE_SENSITIVE,100,3001,IEEE_BASELINE,31,3,32.07,22.32,80.65,157.48,179.80,125.41,147.73,true,1,,,,,
DEADLINE_SENSITIVE,100,3001,IEEE_BASELINE,32,8,32.90,15.20,58.31,155.07,170.27,122.17,137.37,true,2,,,,,
DEADLINE_SENSITIVE,100,3001,IEEE_BASELINE,33,2,34.65,18.40,64.87,124.37,142.77,89.72,108.12,true,3,,,,,
DEADLINE_SENSITIVE,100,3001,IEEE_BASELINE,34,6,35.20,28.80,83.86,142.88,171.68,107.68,136.48,true,3,,,,,
DEADLINE_SENSITIVE,100,3001,IEEE_BASELINE,35,5,35.71,17.46,63.02,170.38,187.84,134.67,152.13,true,2,,,,,
DEADLINE_SENSITIVE,100,3001,IEEE_BASELINE,36,7,37.64,29.54,85.87,115.04,144.58,77.40,106.94,true,0,,,,,
DEADLINE_SENSITIVE,100,3001,IEEE_BASELINE,37,6,38.99,10.12,52.29,171.79,181.91,132.80,142.92,true,3,,,,,
DEADLINE_SENSITIVE,100,3001,IEEE_BASELINE,38,2,40.82,24.73,89.72,144.69,169.42,103.87,128.60,true,0,,,,,
DEADLINE_SENSITIVE,100,3001,IEEE_BASELINE,39,6,41.78,12.13,56.31,182.02,194.15,140.24,152.37,true,3,,,,,
DEADLINE_SENSITIVE,100,3001,IEEE_BASELINE,40,7,42.80,14.22,66.50,187.95,202.17,145.15,159.37,true,2,,,,,
DEADLINE_SENSITIVE,100,3001,IEEE_BASELINE,41,9,43.37,20.10,84.91,194.26,214.36,150.89,170.99,true,3,,,,,
DEADLINE_SENSITIVE,100,3001,IEEE_BASELINE,42,4,44.21,17.88,77.92,202.28,220.16,158.07,175.95,true,2,,,,,
DEADLINE_SENSITIVE,100,3001,IEEE_BASELINE,43,1,44.79,9.48,58.95,169.53,179.01,124.74,134.22,true,0,,,,,
DEADLINE_SENSITIVE,100,3001,IEEE_BASELINE,44,2,46.24,13.20,63.11,179.12,192.32,132.88,146.08,true,0,,,,,
DEADLINE_SENSITIVE,100,3001,IEEE_BASELINE,45,4,47.64,20.99,80.06,220.27,241.26,172.63,193.62,true,2,,,,,
DEADLINE_SENSITIVE,100,3001,IEEE_BASELINE,46,6,48.31,18.91,75.62,192.43,211.34,144.12,163.03,true,0,,,,,
DEADLINE_SENSITIVE,100,3001,IEEE_BASELINE,47,6,49.40,24.22,98.55,179.91,204.13,130.51,154.73,true,1,,,,,
DEADLINE_SENSITIVE,100,3001,IEEE_BASELINE,48,10,50.79,25.57,82.89,204.24,229.81,153.45,179.02,true,1,,,,,
DEADLINE_SENSITIVE,100,3001,IEEE_BASELINE,49,6,51.74,6.51,63.07,241.37,247.88,189.63,196.14,true,2,,,,,
DEADLINE_SENSITIVE,100,3001,IEEE_BASELINE,50,9,53.07,21.04,92.04,229.92,250.96,176.85,197.89,true,1,,,,,
DEADLINE_SENSITIVE,100,3001,IEEE_BASELINE,51,6,54.71,5.38,64.90,247.99,253.37,193.28,198.66,true,2,,,,,
DEADLINE_SENSITIVE,100,3001,IEEE_BASELINE,52,6,56.25,10.67,70.45,214.47,225.14,158.22,168.89,true,3,,,,,
DEADLINE_SENSITIVE,100,3001,IEEE_BASELINE,53,9,56.86,7.94,69.32,211.45,219.39,154.59,162.53,true,0,,,,,
DEADLINE_SENSITIVE,100,3001,IEEE_BASELINE,54,5,58.75,19.42,84.48,219.50,238.92,160.75,180.17,true,0,,,,,
DEADLINE_SENSITIVE,100,3001,IEEE_BASELINE,55,6,60.25,23.49,109.42,225.25,248.74,165.00,188.49,true,3,,,,,
DEADLINE_SENSITIVE,100,3001,IEEE_BASELINE,56,10,62.17,15.52,84.81,251.07,266.59,188.90,204.42,true,1,,,,,
DEADLINE_SENSITIVE,100,3001,IEEE_BASELINE,57,5,62.76,19.66,90.74,253.48,273.14,190.72,210.38,true,2,,,,,
DEADLINE_SENSITIVE,100,3001,IEEE_BASELINE,58,5,64.74,6.11,72.98,248.85,254.96,184.11,190.22,true,3,,,,,
DEADLINE_SENSITIVE,100,3001,IEEE_BASELINE,59,10,65.53,29.78,109.07,239.03,268.81,173.50,203.28,true,0,,,,,
DEADLINE_SENSITIVE,100,3001,IEEE_BASELINE,60,2,67.14,7.58,77.89,268.92,276.50,201.78,209.36,true,0,,,,,
DEADLINE_SENSITIVE,100,3001,IEEE_BASELINE,61,8,67.66,26.49,114.99,266.70,293.19,199.04,225.53,true,1,,,,,
DEADLINE_SENSITIVE,100,3001,IEEE_BASELINE,62,5,68.84,7.37,79.42,276.61,283.98,207.77,215.14,true,0,,,,,
DEADLINE_SENSITIVE,100,3001,IEEE_BASELINE,63,5,69.45,6.87,81.39,273.25,280.12,203.80,210.67,true,2,,,,,
DEADLINE_SENSITIVE,100,3001,IEEE_BASELINE,64,7,70.61,29.40,109.08,284.09,313.49,213.48,242.88,true,0,,,,,
DEADLINE_SENSITIVE,100,3001,IEEE_BASELINE,65,2,71.36,12.12,96.00,313.60,325.72,242.24,254.36,true,0,,,,,
DEADLINE_SENSITIVE,100,3001,IEEE_BASELINE,66,4,72.12,16.57,102.51,280.23,296.80,208.11,224.68,true,2,,,,,
DEADLINE_SENSITIVE,100,3001,IEEE_BASELINE,67,7,72.71,17.96,103.99,296.91,314.87,224.20,242.16,true,2,,,,,
DEADLINE_SENSITIVE,100,3001,IEEE_BASELINE,68,6,73.52,7.50,84.82,325.83,333.33,252.31,259.81,true,0,,,,,
DEADLINE_SENSITIVE,100,3001,IEEE_BASELINE,69,8,74.88,15.67,106.21,293.30,308.97,218.42,234.09,true,1,,,,,
DEADLINE_SENSITIVE,100,3001,IEEE_BASELINE,70,7,75.34,18.07,108.34,255.07,273.14,179.73,197.80,true,3,,,,,
DEADLINE_SENSITIVE,100,3001,IEEE_BASELINE,71,10,76.18,17.23,102.68,333.44,350.67,257.26,274.49,true,0,,,,,
DEADLINE_SENSITIVE,100,3001,IEEE_BASELINE,72,3,77.72,15.42,108.49,309.08,324.50,231.36,246.78,true,1,,,,,
DEADLINE_SENSITIVE,100,3001,IEEE_BASELINE,73,10,79.05,11.94,101.44,324.61,336.55,245.56,257.50,true,1,,,,,
DEADLINE_SENSITIVE,100,3001,IEEE_BASELINE,74,5,80.90,9.64,94.51,273.25,282.89,192.35,201.99,true,3,,,,,
DEADLINE_SENSITIVE,100,3001,IEEE_BASELINE,75,10,81.75,23.02,131.86,283.00,306.02,201.25,224.27,true,3,,,,,
DEADLINE_SENSITIVE,100,3001,IEEE_BASELINE,76,1,82.46,15.89,109.82,314.98,330.87,232.52,248.41,true,2,,,,,
DEADLINE_SENSITIVE,100,3001,IEEE_BASELINE,77,10,83.72,6.30,94.92,306.13,312.43,222.41,228.71,true,3,,,,,
DEADLINE_SENSITIVE,100,3001,IEEE_BASELINE,78,8,84.64,17.12,119.43,350.78,367.90,266.14,283.26,true,0,,,,,
DEADLINE_SENSITIVE,100,3001,IEEE_BASELINE,79,7,85.69,7.60,99.59,330.98,338.58,245.29,252.89,true,2,,,,,
DEADLINE_SENSITIVE,100,3001,IEEE_BASELINE,80,9,86.23,25.08,130.78,312.54,337.62,226.31,251.39,true,3,,,,,
DEADLINE_SENSITIVE,100,3001,IEEE_BASELINE,81,6,87.47,10.01,105.98,336.66,346.67,249.19,259.20,true,1,,,,,
DEADLINE_SENSITIVE,100,3001,IEEE_BASELINE,82,8,89.35,22.84,118.89,346.78,369.62,257.43,280.27,true,1,,,,,
DEADLINE_SENSITIVE,100,3001,IEEE_BASELINE,83,1,90.56,29.76,155.10,337.73,367.49,247.17,276.93,true,3,,,,,
DEADLINE_SENSITIVE,100,3001,IEEE_BASELINE,84,3,91.51,25.68,125.41,369.73,395.41,278.22,303.90,true,1,,,,,
DEADLINE_SENSITIVE,100,3001,IEEE_BASELINE,85,1,93.19,22.33,132.34,395.52,417.85,302.33,324.66,true,1,,,,,
DEADLINE_SENSITIVE,100,3001,IEEE_BASELINE,86,2,93.88,7.28,108.09,367.60,374.88,273.72,281.00,true,3,,,,,
DEADLINE_SENSITIVE,100,3001,IEEE_BASELINE,87,5,95.45,16.77,125.13,338.69,355.46,243.24,260.01,true,2,,,,,
DEADLINE_SENSITIVE,100,3001,IEEE_BASELINE,88,2,96.42,18.27,130.82,355.57,373.84,259.15,277.42,true,2,,,,,
DEADLINE_SENSITIVE,100,3001,IEEE_BASELINE,89,7,97.55,18.85,137.20,374.99,393.84,277.44,296.29,true,3,,,,,
DEADLINE_SENSITIVE,100,3001,IEEE_BASELINE,90,8,98.16,21.46,138.17,373.95,395.41,275.79,297.25,true,2,,,,,
DEADLINE_SENSITIVE,100,3001,IEEE_BASELINE,91,4,99.56,6.87,108.50,368.01,374.88,268.45,275.32,true,0,,,,,
DEADLINE_SENSITIVE,100,3001,IEEE_BASELINE,92,8,101.06,6.92,109.24,417.96,424.88,316.90,323.82,true,1,,,,,
DEADLINE_SENSITIVE,100,3001,IEEE_BASELINE,93,3,102.76,25.30,157.36,395.52,420.82,292.76,318.06,true,2,,,,,
DEADLINE_SENSITIVE,100,3001,IEEE_BASELINE,94,4,103.97,6.00,115.37,424.99,430.99,321.02,327.02,true,1,,,,,
DEADLINE_SENSITIVE,100,3001,IEEE_BASELINE,95,9,104.59,23.21,142.76,374.99,398.20,270.40,293.61,true,0,,,,,
DEADLINE_SENSITIVE,100,3001,IEEE_BASELINE,96,10,105.75,26.65,154.64,393.95,420.60,288.20,314.85,true,3,,,,,
DEADLINE_SENSITIVE,100,3001,IEEE_BASELINE,97,6,106.93,6.01,117.60,398.31,404.32,291.38,297.39,true,0,,,,,
DEADLINE_SENSITIVE,100,3001,IEEE_BASELINE,98,3,108.85,19.94,149.88,420.71,440.65,311.86,331.80,true,3,,,,,
DEADLINE_SENSITIVE,100,3001,IEEE_BASELINE,99,4,109.95,14.25,132.27,404.43,418.68,294.48,308.73,true,0,,,,,
DEADLINE_SENSITIVE,100,3001,PROPOSED_DEADLINE_AWARE,0,9,0.00,27.63,47.67,0.10,27.73,0.10,27.73,false,0,0.6617,0.6934,0.0020,0.9000,19.94
DEADLINE_SENSITIVE,100,3001,PROPOSED_DEADLINE_AWARE,1,9,0.87,12.38,17.94,0.97,13.35,0.10,12.48,false,1,0.7264,0.8228,0.0020,0.9000,4.59
DEADLINE_SENSITIVE,100,3001,PROPOSED_DEADLINE_AWARE,2,9,1.43,10.37,19.18,1.53,11.90,0.10,10.47,false,2,0.6653,0.7006,0.0020,0.9000,7.28
DEADLINE_SENSITIVE,100,3001,PROPOSED_DEADLINE_AWARE,3,7,2.82,14.28,30.01,2.92,17.20,0.10,14.38,false,3,0.5608,0.6316,0.0020,0.7000,12.81
DEADLINE_SENSITIVE,100,3001,PROPOSED_DEADLINE_AWARE,4,9,3.66,26.63,59.27,12.01,38.64,8.35,34.98,false,2,0.6728,0.6737,0.1538,0.9000,20.63
DEADLINE_SENSITIVE,100,3001,PROPOSED_DEADLINE_AWARE,5,9,4.56,22.66,32.47,13.46,36.12,8.90,31.56,true,1,0.8370,1.0000,0.1631,0.9000,-3.65
DEADLINE_SENSITIVE,100,3001,PROPOSED_DEADLINE_AWARE,6,4,5.73,27.28,61.47,17.31,44.59,11.58,38.86,false,3,0.7657,1.0000,0.2067,0.4000,16.88
DEADLINE_SENSITIVE,100,3001,PROPOSED_DEADLINE_AWARE,7,2,6.78,12.30,30.51,36.23,48.53,29.45,41.75,true,1,0.6999,1.0000,0.4451,0.2000,-18.02
DEADLINE_SENSITIVE,100,3001,PROPOSED_DEADLINE_AWARE,8,7,7.51,13.73,27.61,38.75,52.48,31.24,44.97,true,2,0.8022,1.0000,0.4646,0.7000,-24.87
DEADLINE_SENSITIVE,100,3001,PROPOSED_DEADLINE_AWARE,9,4,8.54,27.60,51.67,27.84,55.44,19.30,46.90,true,0,0.7656,1.0000,0.3202,0.4000,-3.77
DEADLINE_SENSITIVE,100,3001,PROPOSED_DEADLINE_AWARE,10,9,9.51,16.42,38.12,55.55,71.97,46.04,62.46,true,0,0.8547,1.0000,0.6018,0.9000,-33.85
DEADLINE_SENSITIVE,100,3001,PROPOSED_DEADLINE_AWARE,11,4,10.11,13.28,31.18,48.64,61.92,38.53,51.81,true,1,0.7658,1.0000,0.5373,0.4000,-30.74
DEADLINE_SENSITIVE,100,3001,PROPOSED_DEADLINE_AWARE,12,2,11.51,7.03,21.54,44.70,51.73,33.19,40.22,true,3,0.7001,1.0000,0.4851,0.2000,-30.19
DEADLINE_SENSITIVE,100,3001,PROPOSED_DEADLINE_AWARE,13,10,13.28,14.66,32.88,51.84,66.50,38.56,53.22,true,3,0.8384,0.9561,0.5375,1.0000,-33.62
DEADLINE_SENSITIVE,100,3001,PROPOSED_DEADLINE_AWARE,14,2,13.87,17.30,45.20,52.59,69.89,38.72,56.02,true,2,0.7001,1.0000,0.5390,0.2000,-24.69
DEADLINE_SENSITIVE,100,3001,PROPOSED_DEADLINE_AWARE,15,5,15.37,10.80,29.08,62.03,72.83,46.66,57.46,true,1,0.7963,1.0000,0.6067,0.5000,-43.75
DEADLINE_SENSITIVE,100,3001,PROPOSED_DEADLINE_AWARE,16,1,16.92,23.09,59.88,72.94,96.03,56.02,79.11,true,1,0.6663,1.0000,0.6739,0.1000,-36.15
DEADLINE_SENSITIVE,100,3001,PROPOSED_DEADLINE_AWARE,17,4,17.57,16.37,44.03,70.00,86.37,52.43,68.80,true,2,0.7659,1.0000,0.6496,0.4000,-42.34
DEADLINE_SENSITIVE,100,3001,PROPOSED_DEADLINE_AWARE,18,1,19.47,14.06,43.20,66.61,80.67,47.14,61.20,true,3,0.6663,1.0000,0.6105,0.1000,-37.47
DEADLINE_SENSITIVE,100,3001,PROPOSED_DEADLINE_AWARE,19,5,21.11,23.81,68.82,86.48,110.29,65.37,89.18,true,2,0.7962,1.0000,0.7295,0.5000,-41.47
DEADLINE_SENSITIVE,100,3001,PROPOSED_DEADLINE_AWARE,20,8,21.86,26.90,78.66,80.78,107.68,58.92,85.82,true,3,0.8098,0.9533,0.6922,0.8000,-29.02
DEADLINE_SENSITIVE,100,3001,PROPOSED_DEADLINE_AWARE,21,9,22.59,7.18,37.05,96.14,103.32,73.55,80.73,true,1,0.8462,1.0000,0.7703,0.9000,-66.27
DEADLINE_SENSITIVE,100,3001,PROPOSED_DEADLINE_AWARE,22,8,23.80,11.44,45.37,107.79,119.23,83.99,95.43,true,3,0.8131,1.0000,0.8136,0.8000,-73.86
DEADLINE_SENSITIVE,100,3001,PROPOSED_DEADLINE_AWARE,23,1,24.24,22.37,65.07,110.40,132.77,86.16,108.53,true,2,0.6661,1.0000,0.8215,0.1000,-67.70
DEADLINE_SENSITIVE,100,3001,PROPOSED_DEADLINE_AWARE,24,10,24.66,6.52,37.50,119.34,125.86,94.68,101.20,true,3,0.8682,1.0000,0.8495,1.0000,-88.36
DEADLINE_SENSITIVE,100,3001,PROPOSED_DEADLINE_AWARE,25,8,26.12,23.07,62.64,103.43,126.50,77.31,100.38,true,1,0.8175,1.0000,0.7869,0.8000,-63.86
DEADLINE_SENSITIVE,100,3001,PROPOSED_DEADLINE_AWARE,26,1,27.52,10.94,42.07,125.97,136.91,98.45,109.39,true,3,0.6665,1.0000,0.8604,0.1000,-94.84
DEADLINE_SENSITIVE,100,3001,PROPOSED_DEADLINE_AWARE,27,6,28.19,18.11,66.00,137.02,155.13,108.83,126.94,true,3,0.8226,1.0000,0.8866,0.6000,-89.13
DEADLINE_SENSITIVE,100,3001,PROPOSED_DEADLINE_AWARE,28,5,28.85,13.16,56.68,72.08,85.24,43.23,56.39,true,0,0.7956,1.0000,0.5788,0.5000,-28.56
DEADLINE_SENSITIVE,100,3001,PROPOSED_DEADLINE_AWARE,29,1,29.85,27.99,88.35,85.35,113.34,55.50,83.49,true,0,0.6665,1.0000,0.6704,0.1000,-24.99
DEADLINE_SENSITIVE,100,3001,PROPOSED_DEADLINE_AWARE,30,1,31.21,24.12,83.52,126.61,150.73,95.40,119.52,true,1,0.6667,1.0000,0.8516,0.1000,-67.21
DEADLINE_SENSITIVE,100,3001,PROPOSED_DEADLINE_AWARE,31,3,32.07,22.32,80.65,150.84,173.16,118.77,141.09,true,1,0.7319,1.0000,0.9070,0.3000,-92.51
DEADLINE_SENSITIVE,100,3001,PROPOSED_DEADLINE_AWARE,32,8,32.90,15.20,58.31,113.45,128.65,80.55,95.75,true,0,0.8069,1.0000,0.8003,0.8000,-70.34
DEADLINE_SENSITIVE,100,3001,PROPOSED_DEADLINE_AWARE,33,2,34.65,18.40,64.87,173.27,191.67,138.62,157.02,true,1,0.6990,1.0000,0.9375,0.2000,-126.80
DEADLINE_SENSITIVE,100,3001,PROPOSED_DEADLINE_AWARE,34,6,35.20,28.80,83.86,132.88,161.68,97.68,126.48,true,2,0.8227,1.0000,0.8582,0.6000,-77.82
DEADLINE_SENSITIVE,100,3001,PROPOSED_DEADLINE_AWARE,35,5,35.71,17.48,63.02,191.78,209.26,156.07,173.55,true,1,0.7952,1.0000,0.9559,0.5000,-146.24
DEADLINE_SENSITIVE,100,3001,PROPOSED_DEADLINE_AWARE,36,7,37.64,29.54,85.87,128.76,158.30,91.12,120.66,true,0,0.7898,1.0000,0.8384,0.7000,-72.43
DEADLINE_SENSITIVE,100,3001,PROPOSED_DEADLINE_AWARE,37,6,38.99,10.12,52.29,158.41,168.53,119.42,129.54,true,0,0.8226,1.0000,0.9082,0.6000,-116.24
DEADLINE_SENSITIVE,100,3001,PROPOSED_DEADLINE_AWARE,38,2,40.82,24.75,89.72,155.24,179.99,114.42,139.17,true,3,0.6988,1.0000,0.8986,0.2000,-90.27
DEADLINE_SENSITIVE,100,3001,PROPOSED_DEADLINE_AWARE,39,6,41.78,12.13,56.31,209.37,221.50,167.59,179.72,true,1,0.8232,1.0000,0.9650,0.6000,-165.19
DEADLINE_SENSITIVE,100,3001,PROPOSED_DEADLINE_AWARE,40,7,42.80,14.22,66.50,161.79,176.01,118.99,133.21,true,2,0.8485,1.0000,0.9074,0.7000,-109.51
DEADLINE_SENSITIVE,100,3001,PROPOSED_DEADLINE_AWARE,41,9,43.37,20.10,84.91,221.61,241.71,178.24,198.34,true,1,0.8614,1.0000,0.9717,0.9000,-156.80
DEADLINE_SENSITIVE,100,3001,PROPOSED_DEADLINE_AWARE,42,4,44.21,17.88,77.92,241.82,259.70,197.61,215.49,true,1,0.7641,1.0000,0.9808,0.4000,-181.78
DEADLINE_SENSITIVE,100,3001,PROPOSED_DEADLINE_AWARE,43,1,44.79,9.51,58.95,176.12,185.63,131.33,140.84,true,2,0.6662,1.0000,0.9277,0.1000,-126.68
DEADLINE_SENSITIVE,100,3001,PROPOSED_DEADLINE_AWARE,44,2,46.24,13.10,63.11,168.64,181.74,122.40,135.50,true,0,0.6985,1.0000,0.9135,0.2000,-118.63
DEADLINE_SENSITIVE,100,3001,PROPOSED_DEADLINE_AWARE,45,4,47.64,21.02,80.06,180.10,201.12,132.46,153.48,true,3,0.7645,1.0000,0.9293,0.4000,-121.06
DEADLINE_SENSITIVE,100,3001,PROPOSED_DEADLINE_AWARE,46,6,48.31,18.91,75.62,201.23,220.14,152.92,171.83,true,3,0.8221,1.0000,0.9530,0.6000,-144.52
DEADLINE_SENSITIVE,100,3001,PROPOSED_DEADLINE_AWARE,47,6,49.40,24.22,98.55,181.85,206.07,132.45,156.67,true,0,0.8225,1.0000,0.9293,0.6000,-107.52
DEADLINE_SENSITIVE,100,3001,PROPOSED_DEADLINE_AWARE,48,10,50.79,25.57,82.89,185.74,211.31,134.95,160.52,true,2,0.8023,0.8978,0.9327,1.0000,-128.42
DEADLINE_SENSITIVE,100,3001,PROPOSED_DEADLINE_AWARE,49,6,51.74,6.47,63.07,259.81,266.28,208.07,214.54,true,1,0.8236,1.0000,0.9844,0.6000,-203.21
DEADLINE_SENSITIVE,100,3001,PROPOSED_DEADLINE_AWARE,50,9,53.07,21.06,92.04,211.42,232.48,158.35,179.41,true,2,0.8641,1.0000,0.9579,0.9000,-140.44
DEADLINE_SENSITIVE,100,3001,PROPOSED_DEADLINE_AWARE,51,6,54.71,5.45,64.90,266.39,271.84,211.68,217.13,true,1,0.8242,1.0000,0.9855,0.6000,-206.94
DEADLINE_SENSITIVE,100,3001,PROPOSED_DEADLINE_AWARE,52,6,56.25,10.67,70.45,232.59,243.26,176.34,187.01,true,2,0.8241,1.0000,0.9706,0.6000,-172.81
DEADLINE_SENSITIVE,100,3001,PROPOSED_DEADLINE_AWARE,53,9,56.86,8.01,69.32,220.25,228.26,163.39,171.40,true,3,0.8874,1.0000,0.9619,0.9000,-158.94
DEADLINE_SENSITIVE,100,3001,PROPOSED_DEADLINE_AWARE,54,5,58.75,19.43,84.48,228.37,247.80,169.62,189.05,true,3,0.7924,1.0000,0.9664,0.5000,-163.32
DEADLINE_SENSITIVE,100,3001,PROPOSED_DEADLINE_AWARE,55,6,60.25,23.49,109.42,247.91,271.40,187.66,211.15,true,3,0.8234,1.0000,0.9766,0.6000,-161.98
DEADLINE_SENSITIVE,100,3001,PROPOSED_DEADLINE_AWARE,56,10,62.17,15.59,84.81,271.51,287.10,209.34,224.93,true,3,0.8827,1.0000,0.9848,1.0000,-202.29
DEADLINE_SENSITIVE,100,3001,PROPOSED_DEADLINE_AWARE,57,5,62.76,19.66,90.74,206.18,225.84,143.42,163.08,true,0,0.7929,1.0000,0.9432,0.5000,-135.10
DEADLINE_SENSITIVE,100,3001,PROPOSED_DEADLINE_AWARE,58,5,64.74,6.11,72.98,271.95,278.06,207.21,213.32,true,1,0.7938,1.0000,0.9841,0.5000,-205.08
DEADLINE_SENSITIVE,100,3001,PROPOSED_DEADLINE_AWARE,59,10,65.53,29.84,109.07,278.17,308.01,212.64,242.48,true,1,0.8932,1.0000,0.9858,1.0000,-198.94
DEADLINE_SENSITIVE,100,3001,PROPOSED_DEADLINE_AWARE,60,2,67.14,7.58,77.89,225.95,233.53,158.81,166.39,true,0,0.6980,1.0000,0.9583,0.2000,-155.64
DEADLINE_SENSITIVE,100,3001,PROPOSED_DEADLINE_AWARE,61,8,67.66,26.58,114.99,287.21,313.79,219.55,246.13,true,3,0.8500,1.0000,0.9876,0.8000,-198.80
DEADLINE_SENSITIVE,100,3001,PROPOSED_DEADLINE_AWARE,62,5,68.84,7.37,79.42,243.37,250.74,174.53,181.90,true,2,0.7933,1.0000,0.9695,0.5000,-171.32
DEADLINE_SENSITIVE,100,3001,PROPOSED_DEADLINE_AWARE,63,5,69.45,6.87,81.39,313.90,320.77,244.45,251.32,true,3,0.7936,1.0000,0.9925,0.5000,-239.38
DEADLINE_SENSITIVE,100,3001,PROPOSED_DEADLINE_AWARE,64,7,70.61,29.40,109.08,233.64,263.04,163.03,192.43,true,0,0.8413,1.0000,0.9616,0.7000,-153.96
DEADLINE_SENSITIVE,100,3001,PROPOSED_DEADLINE_AWARE,65,2,71.36,12.19,96.00,250.85,263.04,179.49,191.68,true,2,0.6978,1.0000,0.9724,0.2000,-167.04
DEADLINE_SENSITIVE,100,3001,PROPOSED_DEADLINE_AWARE,66,4,72.12,16.57,102.51,263.15,279.72,191.03,207.60,true,0,0.7624,1.0000,0.9781,0.4000,-177.21
DEADLINE_SENSITIVE,100,3001,PROPOSED_DEADLINE_AWARE,67,7,72.71,17.96,103.99,320.88,338.84,248.17,266.13,true,3,0.8406,1.0000,0.9930,0.7000,-234.85
DEADLINE_SENSITIVE,100,3001,PROPOSED_DEADLINE_AWARE,68,6,73.52,7.50,84.82,308.12,315.62,234.60,242.10,true,1,0.8217,1.0000,0.9908,0.6000,-230.80
DEADLINE_SENSITIVE,100,3001,PROPOSED_DEADLINE_AWARE,69,8,74.88,15.67,106.21,315.73,331.40,240.85,256.52,true,1,0.8472,1.0000,0.9919,0.8000,-225.19
DEADLINE_SENSITIVE,100,3001,PROPOSED_DEADLINE_AWARE,70,7,75.34,18.08,108.34,263.15,281.23,187.81,205.89,true,2,0.8425,1.0000,0.9766,0.7000,-172.89
DEADLINE_SENSITIVE,100,3001,PROPOSED_DEADLINE_AWARE,71,10,76.18,17.23,102.68,279.83,297.06,203.65,220.88,true,0,0.8794,1.0000,0.9830,1.0000,-194.38
DEADLINE_SENSITIVE,100,3001,PROPOSED_DEADLINE_AWARE,72,3,77.72,15.42,108.49,297.17,312.59,219.45,234.87,true,0,0.7285,1.0000,0.9876,0.3000,-204.10
DEADLINE_SENSITIVE,100,3001,PROPOSED_DEADLINE_AWARE,73,10,79.05,12.02,101.44,338.95,350.97,259.90,271.92,true,3,0.8801,1.0000,0.9945,1.0000,-249.53
DEADLINE_SENSITIVE,100,3001,PROPOSED_DEADLINE_AWARE,74,5,80.90,9.64,94.51,331.51,341.15,250.61,260.25,true,1,0.7924,1.0000,0.9933,0.5000,-246.64
DEADLINE_SENSITIVE,100,3001,PROPOSED_DEADLINE_AWARE,75,10,81.75,23.02,131.86,281.34,304.36,199.59,222.61,true,2,0.8530,0.9118,0.9815,1.0000,-172.50
DEADLINE_SENSITIVE,100,3001,PROPOSED_DEADLINE_AWARE,76,1,82.46,15.89,109.82,351.08,366.97,268.62,284.51,true,3,0.6643,1.0000,0.9954,0.1000,-257.15
DEADLINE_SENSITIVE,100,3001,PROPOSED_DEADLINE_AWARE,77,10,83.72,6.38,94.92,304.47,310.85,220.75,227.13,true,2,0.8840,1.0000,0.9879,1.0000,-215.93
DEADLINE_SENSITIVE,100,3001,PROPOSED_DEADLINE_AWARE,78,8,84.64,17.12,119.43,341.26,358.38,256.62,273.74,true,1,0.8522,1.0000,0.9941,0.8000,-238.95
DEADLINE_SENSITIVE,100,3001,PROPOSED_DEADLINE_AWARE,79,7,85.69,7.60,99.59,358.49,366.09,272.80,280.40,true,1,0.8389,1.0000,0.9957,0.7000,-266.50
DEADLINE_SENSITIVE,100,3001,PROPOSED_DEADLINE_AWARE,80,9,86.23,25.08,130.78,312.70,337.78,226.47,251.55,true,0,0.8533,0.9932,0.9892,0.9000,-207.00
DEADLINE_SENSITIVE,100,3001,PROPOSED_DEADLINE_AWARE,81,6,87.47,10.01,105.98,337.89,347.90,250.42,260.43,true,0,0.8197,1.0000,0.9933,0.6000,-241.92
DEADLINE_SENSITIVE,100,3001,PROPOSED_DEADLINE_AWARE,82,8,89.35,22.83,118.89,367.08,389.91,277.73,300.56,true,3,0.8539,1.0000,0.9961,0.8000,-271.02
DEADLINE_SENSITIVE,100,3001,PROPOSED_DEADLINE_AWARE,83,1,90.56,29.67,155.10,310.96,340.63,220.40,250.07,true,2,0.6643,1.0000,0.9878,0.1000,-185.53
DEADLINE_SENSITIVE,100,3001,PROPOSED_DEADLINE_AWARE,84,3,91.51,25.74,125.41,390.02,415.76,298.51,324.25,true,3,0.7274,1.0000,0.9974,0.3000,-290.35
DEADLINE_SENSITIVE,100,3001,PROPOSED_DEADLINE_AWARE,85,1,93.19,22.33,132.34,415.87,438.20,322.68,345.01,true,3,0.6646,1.0000,0.9984,0.1000,-305.86
DEADLINE_SENSITIVE,100,3001,PROPOSED_DEADLINE_AWARE,86,2,93.88,7.38,108.09,366.20,373.58,272.32,279.70,true,1,0.6963,1.0000,0.9957,0.2000,-265.49
DEADLINE_SENSITIVE,100,3001,PROPOSED_DEADLINE_AWARE,87,5,95.45,16.69,125.13,340.74,357.43,245.29,261.98,true,2,0.7904,1.0000,0.9926,0.5000,-232.30
DEADLINE_SENSITIVE,100,3001,PROPOSED_DEADLINE_AWARE,88,2,96.42,18.19,130.82,348.01,366.20,251.59,269.78,true,0,0.6965,1.0000,0.9935,0.2000,-235.38
DEADLINE_SENSITIVE,100,3001,PROPOSED_DEADLINE_AWARE,89,7,97.55,18.83,137.20,373.69,392.52,276.14,294.97,true,1,0.8370,1.0000,0.9960,0.7000,-255.32
DEADLINE_SENSITIVE,100,3001,PROPOSED_DEADLINE_AWARE,90,8,98.16,21.46,138.17,392.63,414.09,294.47,315.93,true,1,0.8549,1.0000,0.9972,0.8000,-275.92
DEADLINE_SENSITIVE,100,3001,PROPOSED_DEADLINE_AWARE,91,4,99.56,6.87,108.50,357.54,364.41,257.98,264.85,true,2,0.7595,1.0000,0.9943,0.4000,-255.91
DEADLINE_SENSITIVE,100,3001,PROPOSED_DEADLINE_AWARE,92,8,101.06,6.84,109.24,366.31,373.15,265.25,272.09,true,0,0.8568,1.0000,0.9950,0.8000,-263.91
DEADLINE_SENSITIVE,100,3001,PROPOSED_DEADLINE_AWARE,93,3,102.76,25.28,157.36,364.52,389.80,261.76,287.04,true,2,0.7265,1.0000,0.9947,0.3000,-232.44
DEADLINE_SENSITIVE,100,3001,PROPOSED_DEADLINE_AWARE,94,4,103.97,6.03,115.37,414.20,420.23,310.23,316.26,true,1,0.7597,1.0000,0.9980,0.4000,-304.86
DEADLINE_SENSITIVE,100,3001,PROPOSED_DEADLINE_AWARE,95,9,104.59,23.21,142.76,373.26,396.47,268.67,291.88,true,0,0.8661,1.0000,0.9954,0.9000,-253.71
DEADLINE_SENSITIVE,100,3001,PROPOSED_DEADLINE_AWARE,96,10,105.75,26.65,154.64,389.91,416.56,284.16,310.81,true,2,0.8911,0.9910,0.9966,1.0000,-261.92
DEADLINE_SENSITIVE,100,3001,PROPOSED_DEADLINE_AWARE,97,6,106.93,6.01,117.60,416.67,422.68,309.74,315.75,true,2,0.8155,1.0000,0.9980,0.6000,-305.08
DEADLINE_SENSITIVE,100,3001,PROPOSED_DEADLINE_AWARE,98,3,108.85,19.98,149.88,396.58,416.56,287.73,307.71,true,0,0.7269,1.0000,0.9968,0.3000,-266.68
DEADLINE_SENSITIVE,100,3001,PROPOSED_DEADLINE_AWARE,99,4,109.95,14.25,132.27,422.79,437.04,312.84,327.09,true,2,0.7590,1.0000,0.9981,0.4000,-304.77
MIXED,20,4001,IEEE_BASELINE,0,10,0.00,37.06,81.09,0.10,37.16,0.10,37.16,false,0,,,,,
MIXED,20,4001,IEEE_BASELINE,1,7,2.30,23.63,86.47,2.40,26.03,0.10,23.73,false,1,,,,,
MIXED,20,4001,IEEE_BASELINE,2,8,2.85,36.68,156.86,2.95,39.63,0.10,36.78,false,2,,,,,
MIXED,20,4001,IEEE_BASELINE,3,6,4.98,29.43,139.61,5.08,34.51,0.10,29.53,false,3,,,,,
MIXED,20,4001,IEEE_BASELINE,4,10,7.93,15.86,83.94,26.14,42.00,18.21,34.07,false,1,,,,,
MIXED,20,4001,IEEE_BASELINE,5,2,10.90,32.36,64.14,37.27,69.63,26.37,58.73,true,0,,,,,
MIXED,20,4001,IEEE_BASELINE,6,6,11.78,5.53,19.14,69.74,75.27,57.96,63.49,true,0,,,,,
MIXED,20,4001,IEEE_BASELINE,7,7,12.82,30.05,87.06,34.62,64.67,21.80,51.85,false,3,,,,,
MIXED,20,4001,IEEE_BASELINE,8,5,13.23,31.94,72.40,39.74,71.68,26.51,58.45,false,2,,,,,
MIXED,20,4001,IEEE_BASELINE,9,9,16.21,32.06,147.07,75.38,107.44,59.17,91.23,false,0,,,,,
MIXED,20,4001,IEEE_BASELINE,10,10,17.35,24.65,80.49,42.11,66.76,24.76,49.41,false,1,,,,,
MIXED,20,4001,IEEE_BASELINE,11,7,20.22,10.62,56.58,71.79,82.41,51.57,62.19,true,2,,,,,
MIXED,20,4001,IEEE_BASELINE,12,10,22.63,14.82,90.26,107.55,122.37,84.92,99.74,true,0,,,,,
MIXED,20,4001,IEEE_BASELINE,13,8,23.88,6.07,32.31,64.78,70.85,40.90,46.97,true,3,,,,,
MIXED,20,4001,IEEE_BASELINE,14,10,26.72,17.70,76.60,82.52,100.22,55.80,73.50,true,2,,,,,
MIXED,20,4001,IEEE_BASELINE,15,2,27.97,31.19,127.02,66.87,98.06,38.90,70.09,false,1,,,,,
MIXED,20,4001,IEEE_BASELINE,16,4,29.72,7.33,40.43,122.48,129.81,92.76,100.09,true,0,,,,,
MIXED,20,4001,IEEE_BASELINE,17,10,30.81,24.42,144.11,98.17,122.59,67.36,91.78,false,1,,,,,
MIXED,20,4001,IEEE_BASELINE,18,1,31.53,21.26,69.73,100.33,121.59,68.80,90.06,true,2,,,,,
MIXED,20,4001,IEEE_BASELINE,19,2,33.98,43.70,211.21,70.96,114.66,36.98,80.68,false,3,,,,,
MIXED,20,4001,PROPOSED_DEADLINE_AWARE,0,10,0.00,37.06,81.09,0.10,37.16,0.10,37.16,false,0,0.6251,0.5503,0.0020,1.0000,43.93
MIXED,20,4001,PROPOSED_DEADLINE_AWARE,1,7,2.30,23.63,86.47,2.40,26.03,0.10,23.73,false,1,0.3839,0.2778,0.0020,0.7000,60.44
MIXED,20,4001,PROPOSED_DEADLINE_AWARE,2,8,2.85,36.68,156.86,2.95,39.63,0.10,36.78,false,2,0.3804,0.2008,0.0020,0.8000,117.23
MIXED,20,4001,PROPOSED_DEADLINE_AWARE,3,6,4.98,29.43,139.61,5.08,34.51,0.10,29.53,false,3,0.2930,0.1660,0.0020,0.6000,105.10
MIXED,20,4001,PROPOSED_DEADLINE_AWARE,4,10,7.93,15.86,83.94,26.14,42.00,18.21,34.07,false,1,0.5204,0.2614,0.3052,1.0000,41.94
MIXED,20,4001,PROPOSED_DEADLINE_AWARE,5,2,10.90,32.36,64.14,39.74,72.10,28.84,61.20,true,2,0.6520,1.0000,0.4383,0.2000,-7.96
MIXED,20,4001,PROPOSED_DEADLINE_AWARE,6,6,11.78,5.53,19.14,37.27,42.80,25.49,31.02,true,0,0.7602,1.0000,0.3994,0.6000,-23.66
MIXED,20,4001,PROPOSED_DEADLINE_AWARE,7,7,12.82,29.99,87.06,42.11,72.10,29.29,59.28,false,1,0.7716,0.9210,0.4433,0.7000,14.96
MIXED,20,4001,PROPOSED_DEADLINE_AWARE,8,5,13.23,31.94,72.40,34.62,66.56,21.39,53.33,false,3,0.7256,0.9958,0.3481,0.5000,5.84
MIXED,20,4001,PROPOSED_DEADLINE_AWARE,9,9,16.21,32.06,147.07,66.67,98.73,50.46,82.52,false,3,0.6493,0.5103,0.6355,0.9000,48.34
MIXED,20,4001,PROPOSED_DEADLINE_AWARE,10,10,17.35,24.65,80.49,72.21,96.86,54.86,79.51,true,2,0.7530,0.7141,0.6662,1.0000,-16.37
MIXED,20,4001,PROPOSED_DEADLINE_AWARE,11,7,20.22,10.55,56.58,72.21,82.76,51.99,62.54,true,1,0.6958,0.8115,0.6465,0.7000,-26.18
MIXED,20,4001,PROPOSED_DEADLINE_AWARE,12,10,22.63,14.82,90.26,42.91,57.73,20.28,35.10,false,0,0.7084,0.5887,0.3334,1.0000,32.53
MIXED,20,4001,PROPOSED_DEADLINE_AWARE,13,8,23.88,6.11,32.31,98.84,104.95,74.96,81.07,true,3,0.8059,1.0000,0.7767,0.8000,-72.64
MIXED,20,4001,PROPOSED_DEADLINE_AWARE,14,10,26.72,17.70,76.60,57.84,75.54,31.12,48.82,false,0,0.6973,0.6231,0.4633,1.0000,1.06
MIXED,20,4001,PROPOSED_DEADLINE_AWARE,15,2,27.97,31.13,127.02,75.65,106.78,47.68,78.81,false,0,0.6581,1.0000,0.6146,0.2000,20.24
MIXED,20,4001,PROPOSED_DEADLINE_AWARE,16,4,29.72,7.36,40.43,96.97,104.33,67.25,74.61,true,2,0.7010,1.0000,0.7395,0.4000,-63.90
MIXED,20,4001,PROPOSED_DEADLINE_AWARE,17,10,30.81,24.50,144.11,106.89,131.39,76.08,100.58,false,0,0.6187,0.3971,0.7816,1.0000,12.72
MIXED,20,4001,PROPOSED_DEADLINE_AWARE,18,1,31.53,21.24,69.73,82.87,104.11,51.34,72.58,true,1,0.6104,1.0000,0.6418,0.1000,-34.38
MIXED,20,4001,PROPOSED_DEADLINE_AWARE,19,2,33.98,43.72,211.21,104.22,147.94,70.24,113.96,false,1,0.3965,0.4787,0.7546,0.2000,63.27
MIXED,50,4001,IEEE_BASELINE,0,10,0.00,37.06,81.09,0.10,37.16,0.10,37.16,false,0,,,,,
MIXED,50,4001,IEEE_BASELINE,1,7,2.30,23.63,86.47,2.40,26.03,0.10,23.73,false,1,,,,,
MIXED,50,4001,IEEE_BASELINE,2,8,2.85,36.68,156.86,2.95,39.63,0.10,36.78,false,2,,,,,
MIXED,50,4001,IEEE_BASELINE,3,6,4.98,29.43,139.61,5.08,34.51,0.10,29.53,false,3,,,,,
MIXED,50,4001,IEEE_BASELINE,4,10,7.93,15.86,83.94,26.14,42.00,18.21,34.07,false,1,,,,,
MIXED,50,4001,IEEE_BASELINE,5,2,10.90,32.36,64.14,37.27,69.63,26.37,58.73,true,0,,,,,
MIXED,50,4001,IEEE_BASELINE,6,6,11.78,5.53,19.14,34.62,40.15,22.84,28.37,true,3,,,,,
MIXED,50,4001,IEEE_BASELINE,7,7,12.82,30.05,87.06,40.26,70.31,27.44,57.49,false,3,,,,,
MIXED,50,4001,IEEE_BASELINE,8,5,13.23,31.94,72.40,39.74,71.68,26.51,58.45,false,2,,,,,
MIXED,50,4001,IEEE_BASELINE,9,9,16.21,32.06,147.07,42.11,74.17,25.90,57.96,false,1,,,,,
MIXED,50,4001,IEEE_BASELINE,10,10,17.35,24.65,80.49,74.28,98.93,56.93,81.58,true,1,,,,,
MIXED,50,4001,IEEE_BASELINE,11,7,20.22,10.62,56.58,71.79,82.41,51.57,62.19,true,2,,,,,
MIXED,50,4001,IEEE_BASELINE,12,10,22.63,14.82,90.26,69.74,84.56,47.11,61.93,false,0,,,,,
MIXED,50,4001,IEEE_BASELINE,13,8,23.88,6.11,32.31,70.42,76.53,46.54,52.65,true,3,,,,,
MIXED,50,4001,IEEE_BASELINE,14,10,26.72,17.66,76.60,82.52,100.18,55.80,73.46,true,2,,,,,
MIXED,50,4001,IEEE_BASELINE,15,2,27.97,31.19,127.02,99.04,130.23,71.07,102.26,true,1,,,,,
MIXED,50,4001,IEEE_BASELINE,16,4,29.72,7.36,40.43,100.29,107.65,70.57,77.93,true,2,,,,,
MIXED,50,4001,IEEE_BASELINE,17,10,30.81,24.50,144.11,76.64,101.14,45.83,70.33,false,3,,,,,
MIXED,50,4001,IEEE_BASELINE,18,1,31.53,21.33,69.73,107.76,129.09,76.23,97.56,true,2,,,,,
MIXED,50,4001,IEEE_BASELINE,19,2,33.98,43.72,211.21,101.25,144.97,67.27,110.99,false,3,,,,,
MIXED,50,4001,IEEE_BASELINE,20,7,35.24,38.43,181.04,145.08,183.51,109.84,148.27,true,3,,,,,
MIXED,50,4001,IEEE_BASELINE,21,3,38.12,37.41,132.04,129.20,166.61,91.08,128.49,true,2,,,,,
MIXED,50,4001,IEEE_BASELINE,22,5,38.53,16.90,99.47,130.34,147.24,91.81,108.71,true,1,,,,,
MIXED,50,4001,IEEE_BASELINE,23,9,40.88,35.46,152.88,183.62,219.08,142.74,178.20,true,3,,,,,
MIXED,50,4001,IEEE_BASELINE,24,7,41.20,26.20,95.48,219.19,245.39,177.99,204.19,true,3,,,,,
MIXED,50,4001,IEEE_BASELINE,25,4,42.26,44.42,109.66,84.67,129.09,42.41,86.83,true,0,,,,,
MIXED,50,4001,IEEE_BASELINE,26,1,44.59,35.92,179.89,129.20,165.12,84.61,120.53,false,0,,,,,
MIXED,50,4001,IEEE_BASELINE,27,9,46.61,29.93,139.23,165.23,195.16,118.62,148.55,true,0,,,,,
MIXED,50,4001,IEEE_BASELINE,28,5,49.12,35.40,206.31,195.27,230.67,146.15,181.55,true,0,,,,,
MIXED,50,4001,IEEE_BASELINE,29,1,51.20,20.20,123.51,147.35,167.55,96.15,116.35,true,1,,,,,
MIXED,50,4001,IEEE_BASELINE,30,4,53.42,6.38,81.13,245.50,251.88,192.08,198.46,true,3,,,,,
MIXED,50,4001,IEEE_BASELINE,31,9,54.93,27.56,107.29,166.72,194.28,111.79,139.35,true,2,,,,,
MIXED,50,4001,IEEE_BASELINE,32,2,56.52,25.91,146.75,194.39,220.30,137.87,163.78,true,2,,,,,
MIXED,50,4001,IEEE_BASELINE,33,5,57.86,17.84,125.24,251.99,269.83,194.13,211.97,true,3,,,,,
MIXED,50,4001,IEEE_BASELINE,34,10,58.10,39.24,106.03,167.66,206.90,109.56,148.80,true,1,,,,,
MIXED,50,4001,IEEE_BASELINE,35,10,60.14,7.85,90.61,207.01,214.86,146.87,154.72,true,1,,,,,
MIXED,50,4001,IEEE_BASELINE,36,5,60.94,35.64,163.89,230.78,266.42,169.84,205.48,true,0,,,,,
MIXED,50,4001,IEEE_BASELINE,37,5,61.42,24.88,132.54,269.94,294.82,208.52,233.40,true,3,,,,,
MIXED,50,4001,IEEE_BASELINE,38,7,62.74,11.80,101.30,294.93,306.73,232.19,243.99,true,3,,,,,
MIXED,50,4001,IEEE_BASELINE,39,3,64.30,35.94,154.52,220.41,256.35,156.11,192.05,true,2,,,,,
MIXED,50,4001,IEEE_BASELINE,40,6,66.58,29.20,106.33,214.97,244.17,148.39,177.59,true,1,,,,,
MIXED,50,4001,IEEE_BASELINE,41,4,68.43,17.43,118.30,256.46,273.89,188.03,205.46,true,2,,,,,
MIXED,50,4001,IEEE_BASELINE,42,6,69.13,41.00,226.28,244.28,285.28,175.15,216.15,true,1,,,,,
MIXED,50,4001,IEEE_BASELINE,43,10,69.53,26.69,144.66,266.53,293.22,197.00,223.69,true,0,,,,,
MIXED,50,4001,IEEE_BASELINE,44,8,70.03,45.07,248.86,274.00,319.07,203.97,249.04,true,2,,,,,
MIXED,50,4001,IEEE_BASELINE,45,6,70.41,13.32,101.45,285.39,298.71,214.98,228.30,true,1,,,,,
MIXED,50,4001,IEEE_BASELINE,46,9,70.92,11.38,105.26,293.33,304.71,222.41,233.79,true,0,,,,,
MIXED,50,4001,IEEE_BASELINE,47,6,73.08,12.18,115.45,319.18,331.36,246.10,258.28,true,2,,,,,
MIXED,50,4001,IEEE_BASELINE,48,7,75.69,15.54,149.86,306.84,322.38,231.15,246.69,true,3,,,,,
MIXED,50,4001,IEEE_BASELINE,49,10,77.91,23.50,160.25,304.82,328.32,226.91,250.41,true,0,,,,,
MIXED,50,4001,PROPOSED_DEADLINE_AWARE,0,10,0.00,37.06,81.09,0.10,37.16,0.10,37.16,false,0,0.6251,0.5503,0.0020,1.0000,43.93
MIXED,50,4001,PROPOSED_DEADLINE_AWARE,1,7,2.30,23.63,86.47,2.40,26.03,0.10,23.73,false,1,0.3839,0.2778,0.0020,0.7000,60.44
MIXED,50,4001,PROPOSED_DEADLINE_AWARE,2,8,2.85,36.68,156.86,2.95,39.63,0.10,36.78,false,2,0.3804,0.2008,0.0020,0.8000,117.23
MIXED,50,4001,PROPOSED_DEADLINE_AWARE,3,6,4.98,29.43,139.61,5.08,34.51,0.10,29.53,false,3,0.2930,0.1660,0.0020,0.6000,105.10
MIXED,50,4001,PROPOSED_DEADLINE_AWARE,4,10,7.93,15.86,83.94,26.14,42.00,18.21,34.07,false,1,0.5204,0.2614,0.3052,1.0000,41.94
MIXED,50,4001,PROPOSED_DEADLINE_AWARE,5,2,10.90,32.36,64.14,37.27,69.63,26.37,58.73,true,0,0.6939,1.0000,0.4099,0.2000,-5.49
MIXED,50,4001,PROPOSED_DEADLINE_AWARE,6,6,11.78,5.53,19.14,69.74,75.27,57.96,63.49,true,0,0.7602,1.0000,0.6863,0.6000,-56.13
MIXED,50,4001,PROPOSED_DEADLINE_AWARE,7,7,12.82,30.05,87.06,42.11,72.16,29.29,59.34,false,1,0.7716,0.9210,0.4433,0.7000,14.90
MIXED,50,4001,PROPOSED_DEADLINE_AWARE,8,5,13.23,31.94,72.40,34.62,66.56,21.39,53.33,false,3,0.7256,0.9958,0.3481,0.5000,5.84
MIXED,50,4001,PROPOSED_DEADLINE_AWARE,9,9,16.21,32.06,147.07,72.27,104.33,56.06,88.12,false,1,0.8141,0.8089,0.6741,0.9000,42.74
MIXED,50,4001,PROPOSED_DEADLINE_AWARE,10,10,17.35,24.65,80.49,39.74,64.39,22.39,47.04,false,2,0.7530,0.7141,0.3610,1.0000,16.10
MIXED,50,4001,PROPOSED_DEADLINE_AWARE,11,7,20.22,10.62,56.58,104.44,115.06,84.22,94.84,true,1,0.6958,0.8115,0.8144,0.7000,-58.48
MIXED,50,4001,PROPOSED_DEADLINE_AWARE,12,10,22.63,14.82,90.26,64.50,79.32,41.87,56.69,false,2,0.7551,0.6744,0.5672,1.0000,10.94
MIXED,50,4001,PROPOSED_DEADLINE_AWARE,13,8,23.88,6.11,32.31,66.67,72.78,42.79,48.90,true,3,0.8059,1.0000,0.5751,0.8000,-40.47
MIXED,50,4001,PROPOSED_DEADLINE_AWARE,14,10,26.72,17.70,76.60,75.38,93.08,48.66,66.36,true,0,0.6973,0.6231,0.6221,1.0000,-16.48
MIXED,50,4001,PROPOSED_DEADLINE_AWARE,15,2,27.97,31.19,127.02,115.17,146.36,87.20,118.39,true,1,0.6940,1.0000,0.8252,0.2000,-19.34
MIXED,50,4001,PROPOSED_DEADLINE_AWARE,16,4,29.72,7.25,40.43,79.43,86.68,49.71,56.96,true,2,0.7589,1.0000,0.6300,0.4000,-46.25
MIXED,50,4001,PROPOSED_DEADLINE_AWARE,17,10,30.81,24.42,144.11,72.89,97.31,42.08,66.50,false,3,0.8471,0.8108,0.5690,1.0000,46.80
MIXED,50,4001,PROPOSED_DEADLINE_AWARE,18,1,31.53,21.25,69.73,93.19,114.44,61.66,82.91,true,0,0.6599,1.0000,0.7086,0.1000,-44.71
MIXED,50,4001,PROPOSED_DEADLINE_AWARE,19,2,33.98,43.72,211.21,86.79,130.51,52.81,96.53,false,2,0.6939,1.0000,0.6522,0.2000,80.70
MIXED,50,4001,PROPOSED_DEADLINE_AWARE,20,7,35.24,38.43,181.04,130.62,169.05,95.38,133.81,false,2,0.8394,0.9848,0.8516,0.7000,11.99
MIXED,50,4001,PROPOSED_DEADLINE_AWARE,21,3,38.12,37.41,132.04,169.16,206.57,131.04,168.45,true,2,0.7245,1.0000,0.9273,0.3000,-74.53
MIXED,50,4001,PROPOSED_DEADLINE_AWARE,22,5,38.53,16.98,99.47,114.55,131.53,76.02,93.00,true,0,0.7834,1.0000,0.7814,0.5000,-32.06
MIXED,50,4001,PROPOSED_DEADLINE_AWARE,23,9,40.88,35.54,152.88,206.68,242.22,165.80,201.34,true,2,0.8260,0.8522,0.9637,0.9000,-89.34
MIXED,50,4001,PROPOSED_DEADLINE_AWARE,24,7,41.20,26.20,95.48,97.42,123.62,56.22,82.42,true,3,0.8023,1.0000,0.6752,0.7000,-28.14
MIXED,50,4001,PROPOSED_DEADLINE_AWARE,25,4,42.26,44.50,109.66,146.47,190.97,104.21,148.71,true,1,0.7574,1.0000,0.8756,0.4000,-81.31
MIXED,50,4001,PROPOSED_DEADLINE_AWARE,26,1,44.59,35.92,179.89,191.08,227.00,146.49,182.41,true,1,0.6603,1.0000,0.9466,0.1000,-47.11
MIXED,50,4001,PROPOSED_DEADLINE_AWARE,27,9,46.61,29.93,139.23,131.64,161.57,85.03,114.96,true,0,0.8124,0.8411,0.8174,0.9000,-22.34
MIXED,50,4001,PROPOSED_DEADLINE_AWARE,28,5,49.12,35.40,206.31,123.73,159.13,74.61,110.01,false,3,0.7832,1.0000,0.7751,0.5000,47.18
MIXED,50,4001,PROPOSED_DEADLINE_AWARE,29,1,51.20,20.20,123.51,159.24,179.44,108.04,128.24,true,3,0.6599,1.0000,0.8848,0.1000,-55.93
MIXED,50,4001,PROPOSED_DEADLINE_AWARE,30,4,53.42,6.38,81.13,242.33,248.71,188.91,195.29,true,2,0.7566,1.0000,0.9771,0.4000,-167.58
MIXED,50,4001,PROPOSED_DEADLINE_AWARE,31,9,54.93,27.56,107.29,248.82,276.38,193.89,221.45,true,2,0.8527,0.9789,0.9793,0.9000,-169.09
MIXED,50,4001,PROPOSED_DEADLINE_AWARE,32,2,56.52,25.93,146.75,179.55,205.48,123.03,148.96,true,3,0.6920,1.0000,0.9146,0.2000,-58.73
MIXED,50,4001,PROPOSED_DEADLINE_AWARE,33,5,57.86,17.84,125.24,227.11,244.95,169.25,187.09,true,1,0.7785,1.0000,0.9661,0.5000,-119.71
MIXED,50,4001,PROPOSED_DEADLINE_AWARE,34,10,58.10,39.16,106.03,161.68,200.84,103.58,142.74,true,0,0.8129,0.9151,0.8740,1.0000,-94.81
MIXED,50,4001,PROPOSED_DEADLINE_AWARE,35,10,60.14,7.86,90.61,245.06,252.92,184.92,192.78,true,1,0.8728,0.9540,0.9752,1.0000,-162.31
MIXED,50,4001,PROPOSED_DEADLINE_AWARE,36,5,60.94,35.57,163.89,253.03,288.60,192.09,227.66,true,1,0.7823,1.0000,0.9785,0.5000,-124.71
MIXED,50,4001,PROPOSED_DEADLINE_AWARE,37,5,61.42,24.88,132.54,205.59,230.47,144.17,169.05,true,3,0.7879,1.0000,0.9441,0.5000,-97.93
MIXED,50,4001,PROPOSED_DEADLINE_AWARE,38,7,62.74,11.80,101.30,288.71,300.51,225.97,237.77,true,1,0.7978,1.0000,0.9891,0.7000,-199.21
MIXED,50,4001,PROPOSED_DEADLINE_AWARE,39,3,64.30,35.91,154.52,230.58,266.49,166.28,202.19,true,3,0.7216,1.0000,0.9640,0.3000,-111.97
MIXED,50,4001,PROPOSED_DEADLINE_AWARE,40,6,66.58,29.20,106.33,266.60,295.80,200.02,229.22,true,3,0.8035,1.0000,0.9817,0.6000,-189.47
MIXED,50,4001,PROPOSED_DEADLINE_AWARE,41,4,68.43,17.43,118.30,200.95,218.38,132.52,149.95,true,0,0.7546,1.0000,0.9294,0.4000,-100.08
MIXED,50,4001,PROPOSED_DEADLINE_AWARE,42,6,69.13,41.00,226.28,276.49,317.49,207.36,248.36,true,2,0.7807,0.9347,0.9842,0.6000,-91.21
MIXED,50,4001,PROPOSED_DEADLINE_AWARE,43,10,69.53,26.68,144.66,218.49,245.17,148.96,175.64,true,0,0.9314,1.0000,0.9492,1.0000,-100.51
MIXED,50,4001,PROPOSED_DEADLINE_AWARE,44,8,70.03,45.07,248.86,245.28,290.35,175.25,220.32,true,0,0.7925,0.8156,0.9700,0.8000,-41.49
MIXED,50,4001,PROPOSED_DEADLINE_AWARE,45,6,70.41,13.27,101.45,290.46,303.73,220.05,233.32,true,0,0.8045,1.0000,0.9877,0.6000,-202.28
MIXED,50,4001,PROPOSED_DEADLINE_AWARE,46,9,70.92,11.38,105.26,295.91,307.29,224.99,236.37,true,3,0.8680,1.0000,0.9889,0.9000,-202.03
MIXED,50,4001,PROPOSED_DEADLINE_AWARE,47,6,73.08,12.18,115.45,300.62,312.80,227.54,239.72,true,1,0.8040,1.0000,0.9894,0.6000,-197.35
MIXED,50,4001,PROPOSED_DEADLINE_AWARE,48,7,75.69,15.61,149.86,307.40,323.01,231.71,247.32,true,3,0.8180,0.9846,0.9903,0.7000,-173.15
MIXED,50,4001,PROPOSED_DEADLINE_AWARE,49,10,77.91,23.50,160.25,312.91,336.41,235.00,258.50,true,1,0.8945,0.9311,0.9909,1.0000,-176.16
MIXED,100,4001,IEEE_BASELINE,0,10,0.00,37.06,81.09,0.10,37.16,0.10,37.16,false,0,,,,,
MIXED,100,4001,IEEE_BASELINE,1,7,2.30,23.63,86.47,2.40,26.03,0.10,23.73,false,1,,,,,
MIXED,100,4001,IEEE_BASELINE,2,8,2.85,36.68,156.86,2.95,39.63,0.10,36.78,false,2,,,,,
MIXED,100,4001,IEEE_BASELINE,3,6,4.98,29.43,139.61,5.08,34.51,0.10,29.53,false,3,,,,,
MIXED,100,4001,IEEE_BASELINE,4,10,7.93,15.86,83.94,26.14,42.00,18.21,34.07,false,1,,,,,
MIXED,100,4001,IEEE_BASELINE,5,2,10.90,32.36,64.14,34.62,66.98,23.72,56.08,true,3,,,,,
MIXED,100,4001,IEEE_BASELINE,6,6,11.78,5.53,19.14,37.27,42.80,25.49,31.02,true,0,,,,,
MIXED,100,4001,IEEE_BASELINE,7,7,12.82,29.96,87.06,39.74,69.70,26.92,56.88,false,2,,,,,
MIXED,100,4001,IEEE_BASELINE,8,5,13.23,31.90,72.40,69.81,101.71,56.58,88.48,true,2,,,,,
MIXED,100,4001,IEEE_BASELINE,9,9,16.21,32.06,147.07,42.11,74.17,25.90,57.96,false,1,,,,,
MIXED,100,4001,IEEE_BASELINE,10,10,17.35,24.65,80.49,74.28,98.93,56.93,81.58,true,1,,,,,
MIXED,100,4001,IEEE_BASELINE,11,7,20.22,10.62,56.58,101.82,112.44,81.60,92.22,true,2,,,,,
MIXED,100,4001,IEEE_BASELINE,12,10,22.63,14.82,90.26,42.91,57.73,20.28,35.10,false,0,,,,,
MIXED,100,4001,IEEE_BASELINE,13,8,23.88,6.11,32.31,67.09,73.20,43.21,49.32,true,3,,,,,
MIXED,100,4001,IEEE_BASELINE,14,10,26.72,17.70,76.60,73.31,91.01,46.59,64.29,true,3,,,,,
MIXED,100,4001,IEEE_BASELINE,15,2,27.97,31.19,127.02,112.55,143.74,84.58,115.77,true,2,,,,,
MIXED,100,4001,IEEE_BASELINE,16,4,29.72,7.25,40.43,57.84,65.09,28.12,35.37,true,0,,,,,
MIXED,100,4001,IEEE_BASELINE,17,10,30.81,24.50,144.11,99.04,123.54,68.23,92.73,false,1,,,,,
MIXED,100,4001,IEEE_BASELINE,18,1,31.53,21.33,69.73,143.85,165.18,112.32,133.65,true,2,,,,,
MIXED,100,4001,IEEE_BASELINE,19,2,33.98,43.64,211.21,91.12,134.76,57.14,100.78,false,3,,,,,
MIXED,100,4001,IEEE_BASELINE,20,7,35.24,38.43,181.04,165.29,203.72,130.05,168.48,true,2,,,,,
MIXED,100,4001,IEEE_BASELINE,21,3,38.12,37.41,132.04,65.20,102.61,27.08,64.49,false,0,,,,,
MIXED,100,4001,IEEE_BASELINE,22,5,38.53,16.98,99.47,134.87,151.85,96.34,113.32,true,3,,,,,
MIXED,100,4001,IEEE_BASELINE,23,9,40.88,35.54,152.88,123.65,159.19,82.77,118.31,true,1,,,,,
MIXED,100,4001,IEEE_BASELINE,24,7,41.20,26.20,95.48,159.30,185.50,118.10,144.30,true,1,,,,,
MIXED,100,4001,IEEE_BASELINE,25,4,42.26,44.50,109.66,102.72,147.22,60.46,104.96,true,0,,,,,
MIXED,100,4001,IEEE_BASELINE,26,1,44.59,35.92,179.89,185.61,221.53,141.02,176.94,true,1,,,,,
MIXED,100,4001,IEEE_BASELINE,27,9,46.61,29.93,139.23,147.33,177.26,100.72,130.65,true,0,,,,,
MIXED,100,4001,IEEE_BASELINE,28,5,49.12,35.37,206.31,177.37,212.74,128.25,163.62,true,0,,,,,
MIXED,100,4001,IEEE_BASELINE,29,1,51.20,20.20,123.51,212.85,233.05,161.65,181.85,true,0,,,,,
MIXED,100,4001,IEEE_BASELINE,30,4,53.42,6.37,81.13,233.16,239.53,179.74,186.11,true,0,,,,,
MIXED,100,4001,IEEE_BASELINE,31,9,54.93,27.52,107.29,151.96,179.48,97.03,124.55,true,3,,,,,
MIXED,100,4001,IEEE_BASELINE,32,2,56.52,25.93,146.75,179.59,205.52,123.07,149.00,true,3,,,,,
MIXED,100,4001,IEEE_BASELINE,33,5,57.86,17.75,125.24,239.64,257.39,181.78,199.53,true,0,,,,,
MIXED,100,4001,IEEE_BASELINE,34,10,58.10,39.24,106.03,205.63,244.87,147.53,186.77,true,3,,,,,
MIXED,100,4001,IEEE_BASELINE,35,10,60.14,7.86,90.61,221.64,229.50,161.50,169.36,true,1,,,,,
MIXED,100,4001,IEEE_BASELINE,36,5,60.94,35.59,163.89,203.83,239.42,142.89,178.48,true,2,,,,,
MIXED,100,4001,IEEE_BASELINE,37,5,61.42,24.88,132.54,244.98,269.86,183.56,208.44,true,3,,,,,
MIXED,100,4001,IEEE_BASELINE,38,7,62.74,11.72,101.30,269.97,281.69,207.23,218.95,true,3,,,,,
MIXED,100,4001,IEEE_BASELINE,39,3,64.30,35.94,154.52,239.53,275.47,175.23,211.17,true,2,,,,,
MIXED,100,4001,IEEE_BASELINE,40,6,66.58,29.20,106.33,275.58,304.78,209.00,238.20,true,2,,,,,
MIXED,100,4001,IEEE_BASELINE,41,4,68.43,17.37,118.30,229.61,246.98,161.18,178.55,true,1,,,,,
MIXED,100,4001,IEEE_BASELINE,42,6,69.13,41.00,226.28,247.09,288.09,177.96,218.96,true,1,,,,,
MIXED,100,4001,IEEE_BASELINE,43,10,69.53,26.69,144.66,257.50,284.19,187.97,214.66,true,0,,,,,
MIXED,100,4001,IEEE_BASELINE,44,8,70.03,45.00,248.86,284.30,329.30,214.27,259.27,true,0,,,,,
MIXED,100,4001,IEEE_BASELINE,45,6,70.41,13.32,101.45,329.41,342.73,259.00,272.32,true,0,,,,,
MIXED,100,4001,IEEE_BASELINE,46,9,70.92,11.38,105.26,342.84,354.22,271.92,283.30,true,0,,,,,
MIXED,100,4001,IEEE_BASELINE,47,6,73.08,12.18,115.45,304.89,317.07,231.81,243.99,true,2,,,,,
MIXED,100,4001,IEEE_BASELINE,48,7,75.69,15.61,149.86,288.20,303.81,212.51,228.12,true,1,,,,,
MIXED,100,4001,IEEE_BASELINE,49,10,77.91,23.50,160.25,281.80,305.30,203.89,227.39,true,3,,,,,
MIXED,100,4001,IEEE_BASELINE,50,6,80.05,35.25,213.24,303.92,339.17,223.87,259.12,true,1,,,,,
MIXED,100,4001,IEEE_BASELINE,51,9,80.99,4.19,91.73,339.28,343.47,258.29,262.48,true,1,,,,,
MIXED,100,4001,IEEE_BASELINE,52,1,81.46,7.69,94.26,354.33,362.02,272.87,280.56,true,0,,,,,
MIXED,100,4001,IEEE_BASELINE,53,6,82.12,23.76,138.23,343.58,367.34,261.46,285.22,true,1,,,,,
MIXED,100,4001,IEEE_BASELINE,54,10,84.34,38.60,141.04,362.13,400.73,277.79,316.39,true,0,,,,,
MIXED,100,4001,IEEE_BASELINE,55,7,84.94,11.00,109.75,305.41,316.41,220.47,231.47,true,3,,,,,
MIXED,100,4001,IEEE_BASELINE,56,3,86.17,16.15,141.86,400.84,416.99,314.67,330.82,true,0,,,,,
MIXED,100,4001,IEEE_BASELINE,57,10,89.08,39.99,200.57,367.45,407.44,278.37,318.36,true,1,,,,,
MIXED,100,4001,IEEE_BASELINE,58,1,91.72,10.78,117.96,317.18,327.96,225.46,236.24,true,2,,,,,
MIXED,100,4001,IEEE_BASELINE,59,1,93.23,40.77,267.11,407.55,448.32,314.32,355.09,true,1,,,,,
MIXED,100,4001,IEEE_BASELINE,60,5,95.14,12.55,142.51,448.43,460.98,353.29,365.84,true,1,,,,,
MIXED,100,4001,IEEE_BASELINE,61,6,97.29,12.95,159.14,461.09,474.04,363.80,376.75,true,1,,,,,
MIXED,100,4001,IEEE_BASELINE,62,7,99.85,29.68,141.14,316.52,346.20,216.67,246.35,true,3,,,,,
MIXED,100,4001,IEEE_BASELINE,63,5,102.76,26.00,212.57,417.10,443.10,314.34,340.34,true,0,,,,,
MIXED,100,4001,IEEE_BASELINE,64,6,103.78,30.75,242.51,346.31,377.06,242.53,273.28,true,3,,,,,
MIXED,100,4001,IEEE_BASELINE,65,10,104.04,12.49,164.79,443.21,455.70,339.17,351.66,true,0,,,,,
MIXED,100,4001,IEEE_BASELINE,66,7,106.18,19.60,195.91,377.17,396.77,270.99,290.59,true,3,,,,,
MIXED,100,4001,IEEE_BASELINE,67,9,106.75,4.67,112.34,455.81,460.48,349.06,353.73,true,0,,,,,
MIXED,100,4001,IEEE_BASELINE,68,10,107.26,21.47,144.11,460.59,482.06,353.33,374.80,true,0,,,,,
MIXED,100,4001,IEEE_BASELINE,69,3,108.88,28.81,251.15,396.88,425.69,288.00,316.81,true,3,,,,,
MIXED,100,4001,IEEE_BASELINE,70,1,109.15,24.17,155.07,328.07,352.24,218.92,243.09,true,2,,,,,
MIXED,100,4001,IEEE_BASELINE,71,5,110.36,20.97,184.72,474.15,495.12,363.79,384.76,true,1,,,,,
MIXED,100,4001,IEEE_BASELINE,72,9,110.70,7.39,119.54,495.23,502.62,384.53,391.92,true,1,,,,,
MIXED,100,4001,IEEE_BASELINE,73,2,111.46,32.00,234.20,352.35,384.35,240.89,272.89,true,2,,,,,
MIXED,100,4001,IEEE_BASELINE,74,7,111.73,24.29,142.71,482.17,506.46,370.44,394.73,true,0,,,,,
MIXED,100,4001,IEEE_BASELINE,75,4,113.29,28.42,234.79,384.46,412.88,271.17,299.59,true,2,,,,,
MIXED,100,4001,IEEE_BASELINE,76,7,115.30,36.16,248.03,412.99,449.15,297.69,333.85,true,2,,,,,
MIXED,100,4001,IEEE_BASELINE,77,5,118.27,17.56,152.94,449.26,466.82,330.99,348.55,true,2,,,,,
MIXED,100,4001,IEEE_BASELINE,78,6,119.21,5.92,143.54,425.80,431.72,306.59,312.51,true,3,,,,,
MIXED,100,4001,IEEE_BASELINE,79,6,120.61,7.43,147.51,502.73,510.16,382.12,389.55,true,1,,,,,
MIXED,100,4001,IEEE_BASELINE,80,4,123.35,7.68,146.22,431.83,439.51,308.48,316.16,true,3,,,,,
MIXED,100,4001,IEEE_BASELINE,81,6,124.63,16.64,153.35,439.62,456.26,314.99,331.63,true,3,,,,,
MIXED,100,4001,IEEE_BASELINE,82,4,127.07,36.26,250.07,456.37,492.63,329.30,365.56,true,3,,,,,
MIXED,100,4001,IEEE_BASELINE,83,3,129.65,28.20,188.67,510.27,538.47,380.62,408.82,true,1,,,,,
MIXED,100,4001,IEEE_BASELINE,84,4,130.07,16.03,205.45,466.93,482.96,336.86,352.89,true,2,,,,,
MIXED,100,4001,IEEE_BASELINE,85,8,132.69,7.99,162.29,506.57,514.56,373.88,381.87,true,0,,,,,
MIXED,100,4001,IEEE_BASELINE,86,3,135.20,33.94,208.04,483.07,517.01,347.87,381.81,true,2,,,,,
MIXED,100,4001,IEEE_BASELINE,87,8,135.90,4.00,154.32,492.74,496.74,356.84,360.84,true,3,,,,,
MIXED,100,4001,IEEE_BASELINE,88,9,137.25,28.25,203.26,496.85,525.10,359.60,387.85,true,3,,,,,
MIXED,100,4001,IEEE_BASELINE,89,9,138.46,23.01,229.45,517.12,540.13,378.66,401.67,true,2,,,,,
MIXED,100,4001,IEEE_BASELINE,90,4,141.21,15.65,211.90,514.67,530.32,373.46,389.11,true,0,,,,,
MIXED,100,4001,IEEE_BASELINE,91,1,143.56,43.39,334.95,538.58,581.97,395.02,438.41,true,1,,,,,
MIXED,100,4001,IEEE_BASELINE,92,3,143.84,4.38,154.62,530.43,534.81,386.59,390.97,true,0,,,,,
MIXED,100,4001,IEEE_BASELINE,93,2,145.33,3.80,161.12,582.08,585.88,436.75,440.55,true,1,,,,,
MIXED,100,4001,IEEE_BASELINE,94,5,146.84,16.87,210.85,534.92,551.79,388.08,404.95,true,0,,,,,
MIXED,100,4001,IEEE_BASELINE,95,9,147.82,7.63,174.28,551.90,559.53,404.08,411.71,true,0,,,,,
MIXED,100,4001,IEEE_BASELINE,96,3,149.78,17.22,225.52,559.64,576.86,409.86,427.08,true,0,,,,,
MIXED,100,4001,IEEE_BASELINE,97,9,151.55,38.27,232.88,525.21,563.48,373.66,411.93,true,3,,,,,
MIXED,100,4001,IEEE_BASELINE,98,3,154.36,32.71,242.51,540.24,572.95,385.88,418.59,true,2,,,,,
MIXED,100,4001,IEEE_BASELINE,99,5,157.03,16.57,235.10,576.97,593.54,419.94,436.51,true,0,,,,,
MIXED,100,4001,PROPOSED_DEADLINE_AWARE,0,10,0.00,37.06,81.09,0.10,37.16,0.10,37.16,false,0,0.6251,0.5503,0.0020,1.0000,43.93
MIXED,100,4001,PROPOSED_DEADLINE_AWARE,1,7,2.30,23.63,86.47,2.40,26.03,0.10,23.73,false,1,0.3839,0.2778,0.0020,0.7000,60.44
MIXED,100,4001,PROPOSED_DEADLINE_AWARE,2,8,2.85,36.68,156.86,2.95,39.63,0.10,36.78,false,2,0.3804,0.2008,0.0020,0.8000,117.23
MIXED,100,4001,PROPOSED_DEADLINE_AWARE,3,6,4.98,29.43,139.61,5.08,34.51,0.10,29.53,false,3,0.2930,0.1660,0.0020,0.6000,105.10
MIXED,100,4001,PROPOSED_DEADLINE_AWARE,4,10,7.93,15.86,83.94,26.14,42.00,18.21,34.07,false,1,0.5204,0.2614,0.3052,1.0000,41.94
MIXED,100,4001,PROPOSED_DEADLINE_AWARE,5,2,10.90,32.36,64.14,34.62,66.98,23.72,56.08,true,3,0.7053,1.0000,0.3777,0.2000,-2.84
MIXED,100,4001,PROPOSED_DEADLINE_AWARE,6,6,11.78,5.53,19.14,37.27,42.80,25.49,31.02,true,0,0.7602,1.0000,0.3994,0.6000,-23.66
MIXED,100,4001,PROPOSED_DEADLINE_AWARE,7,7,12.82,29.96,87.06,42.11,72.07,29.29,59.25,false,1,0.7716,0.9210,0.4433,0.7000,14.99
MIXED,100,4001,PROPOSED_DEADLINE_AWARE,8,5,13.23,31.89,72.40,67.09,98.98,53.86,85.75,true,3,0.7256,0.9958,0.6595,0.5000,-26.58
MIXED,100,4001,PROPOSED_DEADLINE_AWARE,9,9,16.21,31.97,147.07,72.18,104.15,55.97,87.94,false,1,0.8394,0.8566,0.6735,0.9000,42.92
MIXED,100,4001,PROPOSED_DEADLINE_AWARE,10,10,17.35,24.65,80.49,39.74,64.39,22.39,47.04,false,2,0.7530,0.7141,0.3610,1.0000,16.10
MIXED,100,4001,PROPOSED_DEADLINE_AWARE,11,7,20.22,10.62,56.58,104.26,114.88,84.04,94.66,true,1,0.6958,0.8115,0.8138,0.7000,-58.30
MIXED,100,4001,PROPOSED_DEADLINE_AWARE,12,10,22.63,14.79,90.26,64.50,79.29,41.87,56.66,false,2,0.7551,0.6744,0.5672,1.0000,10.97
MIXED,100,4001,PROPOSED_DEADLINE_AWARE,13,8,23.88,6.11,32.31,99.09,105.20,75.21,81.32,true,3,0.8059,1.0000,0.7778,0.8000,-72.89
MIXED,100,4001,PROPOSED_DEADLINE_AWARE,14,10,26.72,17.70,76.60,42.91,60.61,16.19,33.89,false,0,0.6973,0.6231,0.2766,1.0000,15.99
MIXED,100,4001,PROPOSED_DEADLINE_AWARE,15,2,27.97,31.19,127.02,114.99,146.18,87.02,118.21,true,1,0.7049,1.0000,0.8245,0.2000,-19.16
MIXED,100,4001,PROPOSED_DEADLINE_AWARE,16,4,29.72,7.36,40.43,79.40,86.76,49.68,57.04,true,2,0.7709,1.0000,0.6298,0.4000,-46.33
MIXED,100,4001,PROPOSED_DEADLINE_AWARE,17,10,30.81,24.50,144.11,60.72,85.22,29.91,54.41,false,0,0.9494,1.0000,0.4502,1.0000,58.89
MIXED,100,4001,PROPOSED_DEADLINE_AWARE,18,1,31.53,21.33,69.73,146.29,167.62,114.76,136.09,true,1,0.6708,1.0000,0.8993,0.1000,-97.89
MIXED,100,4001,PROPOSED_DEADLINE_AWARE,19,2,33.98,43.72,211.21,86.87,130.59,52.89,96.61,false,2,0.7050,1.0000,0.6528,0.2000,80.62
MIXED,100,4001,PROPOSED_DEADLINE_AWARE,20,7,35.24,38.43,181.04,85.33,123.76,50.09,88.52,false,0,0.8534,1.0000,0.6328,0.7000,57.28
MIXED,100,4001,PROPOSED_DEADLINE_AWARE,21,3,38.12,37.41,132.04,130.70,168.11,92.58,129.99,true,2,0.7373,1.0000,0.8430,0.3000,-36.07
MIXED,100,4001,PROPOSED_DEADLINE_AWARE,22,5,38.53,16.98,99.47,168.22,185.20,129.69,146.67,true,2,0.8017,1.0000,0.9253,0.5000,-85.73
MIXED,100,4001,PROPOSED_DEADLINE_AWARE,23,9,40.88,35.54,152.88,185.31,220.85,144.43,179.97,true,2,0.8260,0.8522,0.9443,0.9000,-67.97
MIXED,100,4001,PROPOSED_DEADLINE_AWARE,24,7,41.20,26.20,95.48,105.31,131.51,64.11,90.31,true,3,0.8023,1.0000,0.7226,0.7000,-36.03
MIXED,100,4001,PROPOSED_DEADLINE_AWARE,25,4,42.26,44.46,109.66,123.87,168.33,81.61,126.07,true,0,0.7704,1.0000,0.8045,0.4000,-58.67
MIXED,100,4001,PROPOSED_DEADLINE_AWARE,26,1,44.59,35.92,179.89,168.44,204.36,123.85,159.77,true,0,0.6707,1.0000,0.9160,0.1000,-24.47
MIXED,100,4001,PROPOSED_DEADLINE_AWARE,27,9,46.61,29.93,139.23,204.47,234.40,157.86,187.79,true,0,0.8124,0.8411,0.9575,0.9000,-95.17
MIXED,100,4001,PROPOSED_DEADLINE_AWARE,28,5,49.12,35.40,206.31,234.51,269.91,185.39,220.79,true,0,0.8012,1.0000,0.9755,0.5000,-63.60
MIXED,100,4001,PROPOSED_DEADLINE_AWARE,29,1,51.20,20.20,123.51,220.96,241.16,169.76,189.96,true,2,0.6708,1.0000,0.9665,0.1000,-117.65
MIXED,100,4001,PROPOSED_DEADLINE_AWARE,30,4,53.42,6.38,81.13,131.62,138.00,78.20,84.58,true,3,0.7699,1.0000,0.7907,0.4000,-56.87
MIXED,100,4001,PROPOSED_DEADLINE_AWARE,31,9,54.93,27.56,107.29,241.27,268.83,186.34,213.90,true,2,0.8527,0.9789,0.9759,0.9000,-161.54
MIXED,100,4001,PROPOSED_DEADLINE_AWARE,32,2,56.52,25.91,146.75,270.02,295.93,213.50,239.41,true,0,0.7046,1.0000,0.9860,0.2000,-149.18
MIXED,100,4001,PROPOSED_DEADLINE_AWARE,33,5,57.86,17.84,125.24,167.73,185.57,109.87,127.71,true,1,0.8011,1.0000,0.8889,0.5000,-60.33
MIXED,100,4001,PROPOSED_DEADLINE_AWARE,34,10,58.10,39.17,106.03,296.04,335.21,237.94,277.11,true,0,0.8129,0.9151,0.9914,1.0000,-229.18
MIXED,100,4001,PROPOSED_DEADLINE_AWARE,35,10,60.14,7.86,90.61,185.68,193.54,125.54,133.40,true,1,0.8728,0.9540,0.9188,1.0000,-102.93
MIXED,100,4001,PROPOSED_DEADLINE_AWARE,36,5,60.94,35.64,163.89,138.11,173.75,77.17,112.81,true,3,0.8011,1.0000,0.7863,0.5000,-9.86
MIXED,100,4001,PROPOSED_DEADLINE_AWARE,37,5,61.42,24.88,132.54,268.94,293.82,207.52,232.40,true,2,0.8012,1.0000,0.9842,0.5000,-161.28
MIXED,100,4001,PROPOSED_DEADLINE_AWARE,38,7,62.74,11.71,101.30,173.86,185.57,111.12,122.83,true,3,0.8475,1.0000,0.8917,0.7000,-84.27
MIXED,100,4001,PROPOSED_DEADLINE_AWARE,39,3,64.30,35.94,154.52,335.32,371.26,271.02,306.96,true,0,0.7365,1.0000,0.9956,0.3000,-216.74
MIXED,100,4001,PROPOSED_DEADLINE_AWARE,40,6,66.58,29.20,106.33,371.37,400.57,304.79,333.99,true,0,0.8279,1.0000,0.9977,0.6000,-294.24
MIXED,100,4001,PROPOSED_DEADLINE_AWARE,41,4,68.43,17.43,118.30,293.93,311.36,225.50,242.93,true,2,0.7692,1.0000,0.9890,0.4000,-193.06
MIXED,100,4001,PROPOSED_DEADLINE_AWARE,42,6,69.13,41.00,226.28,311.47,352.47,242.34,283.34,true,2,0.8283,1.0000,0.9921,0.6000,-126.19
MIXED,100,4001,PROPOSED_DEADLINE_AWARE,43,10,69.53,26.69,144.66,185.68,212.37,116.15,142.84,true,3,0.9360,1.0000,0.9020,1.0000,-67.71
MIXED,100,4001,PROPOSED_DEADLINE_AWARE,44,8,70.03,45.07,248.86,193.65,238.72,123.62,168.69,false,1,0.8696,0.9624,0.9156,0.8000,10.14
MIXED,100,4001,PROPOSED_DEADLINE_AWARE,45,6,70.41,13.32,101.45,212.48,225.80,142.07,155.39,true,3,0.8282,1.0000,0.9417,0.6000,-124.35
MIXED,100,4001,PROPOSED_DEADLINE_AWARE,46,9,70.92,11.38,105.26,238.83,250.21,167.91,179.29,true,1,0.8617,0.9987,0.9652,0.9000,-144.95
MIXED,100,4001,PROPOSED_DEADLINE_AWARE,47,6,73.08,12.18,115.45,225.91,238.09,152.83,165.01,true,3,0.8296,1.0000,0.9530,0.6000,-122.64
MIXED,100,4001,PROPOSED_DEADLINE_AWARE,48,7,75.69,15.61,149.86,400.68,416.29,324.99,340.60,true,0,0.8529,1.0000,0.9985,0.7000,-266.43
MIXED,100,4001,PROPOSED_DEADLINE_AWARE,49,10,77.91,23.48,160.25,250.32,273.80,172.41,195.89,true,1,0.9314,1.0000,0.9682,1.0000,-113.55
MIXED,100,4001,PROPOSED_DEADLINE_AWARE,50,6,80.05,35.25,213.24,416.40,451.65,336.35,371.60,true,0,0.8299,1.0000,0.9988,0.6000,-238.41
MIXED,100,4001,PROPOSED_DEADLINE_AWARE,51,9,80.99,4.11,91.73,273.91,278.02,192.92,197.03,true,1,0.8376,1.0000,0.9789,0.9000,-186.29
MIXED,100,4001,PROPOSED_DEADLINE_AWARE,52,1,81.46,7.69,94.26,278.13,285.82,196.67,204.36,true,1,0.6700,1.0000,0.9804,0.1000,-191.56
MIXED,100,4001,PROPOSED_DEADLINE_AWARE,53,6,82.12,23.78,138.23,285.93,309.71,203.81,227.59,true,1,0.8299,1.0000,0.9830,0.6000,-171.48
MIXED,100,4001,PROPOSED_DEADLINE_AWARE,54,10,84.34,38.60,141.04,238.20,276.80,153.86,192.46,true,3,0.8552,0.9453,0.9539,1.0000,-135.76
MIXED,100,4001,PROPOSED_DEADLINE_AWARE,55,7,84.94,11.05,109.75,451.76,462.81,366.82,377.87,true,0,0.8544,1.0000,0.9993,0.7000,-353.06
MIXED,100,4001,PROPOSED_DEADLINE_AWARE,56,3,86.17,16.13,141.86,276.91,293.04,190.74,206.87,true,3,0.7358,1.0000,0.9780,0.3000,-151.18
MIXED,100,4001,PROPOSED_DEADLINE_AWARE,57,10,89.08,39.99,200.57,309.82,349.81,220.74,260.73,true,1,0.9375,0.9985,0.9879,1.0000,-149.24
MIXED,100,4001,PROPOSED_DEADLINE_AWARE,58,1,91.72,10.74,117.96,293.15,303.89,201.43,212.17,true,3,0.6698,1.0000,0.9822,0.1000,-185.93
MIXED,100,4001,PROPOSED_DEADLINE_AWARE,59,1,93.23,40.69,267.11,349.92,390.61,256.69,297.38,true,1,0.6699,1.0000,0.9941,0.1000,-123.50
MIXED,100,4001,PROPOSED_DEADLINE_AWARE,60,5,95.14,12.55,142.51,390.72,403.27,295.58,308.13,true,1,0.7995,1.0000,0.9973,0.5000,-260.76
MIXED,100,4001,PROPOSED_DEADLINE_AWARE,61,6,97.29,12.96,159.14,304.00,316.96,206.71,219.67,true,3,0.8280,1.0000,0.9840,0.6000,-157.82
MIXED,100,4001,PROPOSED_DEADLINE_AWARE,62,7,99.85,29.68,141.14,352.58,382.26,252.73,282.41,true,2,0.8524,1.0000,0.9936,0.7000,-241.12
MIXED,100,4001,PROPOSED_DEADLINE_AWARE,63,5,102.76,26.00,212.57,462.92,488.92,360.16,386.16,true,0,0.7997,1.0000,0.9993,0.5000,-276.35
MIXED,100,4001,PROPOSED_DEADLINE_AWARE,64,6,103.78,30.75,242.51,317.07,347.82,213.29,244.04,true,3,0.8288,1.0000,0.9860,0.6000,-105.31
MIXED,100,4001,PROPOSED_DEADLINE_AWARE,65,10,104.04,12.49,164.79,489.03,501.52,384.99,397.48,true,0,0.9244,1.0000,0.9995,1.0000,-336.73
MIXED,100,4001,PROPOSED_DEADLINE_AWARE,66,7,106.18,19.55,195.91,501.63,521.18,395.45,415.00,true,0,0.8520,1.0000,0.9996,0.7000,-325.27
MIXED,100,4001,PROPOSED_DEADLINE_AWARE,67,9,106.75,4.62,112.34,382.37,386.99,275.62,280.24,true,2,0.8944,1.0000,0.9960,0.9000,-274.65
MIXED,100,4001,PROPOSED_DEADLINE_AWARE,68,10,107.26,21.39,144.11,387.10,408.49,279.84,301.23,true,2,0.9110,1.0000,0.9963,1.0000,-264.38
MIXED,100,4001,PROPOSED_DEADLINE_AWARE,69,3,108.88,28.91,251.15,403.38,432.29,294.50,323.41,true,1,0.7348,1.0000,0.9972,0.3000,-181.14
MIXED,100,4001,PROPOSED_DEADLINE_AWARE,70,1,109.15,24.17,155.07,347.93,372.10,238.78,262.95,true,3,0.6696,1.0000,0.9916,0.1000,-217.03
MIXED,100,4001,PROPOSED_DEADLINE_AWARE,71,5,110.36,20.91,184.72,408.60,429.51,298.24,319.15,true,2,0.7992,1.0000,0.9974,0.5000,-244.79
MIXED,100,4001,PROPOSED_DEADLINE_AWARE,72,9,110.70,7.39,119.54,372.21,379.60,261.51,268.90,true,3,0.8919,1.0000,0.9946,0.9000,-260.06
MIXED,100,4001,PROPOSED_DEADLINE_AWARE,73,2,111.46,32.00,234.20,379.71,411.71,268.25,300.25,true,3,0.7031,1.0000,0.9953,0.2000,-177.51
MIXED,100,4001,PROPOSED_DEADLINE_AWARE,74,7,111.73,24.29,142.71,411.82,436.11,300.09,324.38,true,3,0.8510,1.0000,0.9975,0.7000,-293.40
MIXED,100,4001,PROPOSED_DEADLINE_AWARE,75,4,113.29,28.42,234.79,436.22,464.64,322.93,351.35,true,3,0.7666,1.0000,0.9984,0.4000,-229.85
MIXED,100,4001,PROPOSED_DEADLINE_AWARE,76,7,115.30,36.16,248.03,432.40,468.56,317.10,353.26,true,1,0.8534,1.0000,0.9982,0.7000,-220.53
MIXED,100,4001,PROPOSED_DEADLINE_AWARE,77,5,118.27,17.65,152.94,468.67,486.32,350.40,368.05,true,1,0.7986,1.0000,0.9991,0.5000,-333.38
MIXED,100,4001,PROPOSED_DEADLINE_AWARE,78,6,119.21,6.03,143.54,429.62,435.65,310.41,316.44,true,2,0.8270,1.0000,0.9980,0.6000,-292.11
MIXED,100,4001,PROPOSED_DEADLINE_AWARE,79,6,120.61,7.43,147.51,435.76,443.19,315.15,322.58,true,2,0.8277,1.0000,0.9982,0.6000,-295.68
MIXED,100,4001,PROPOSED_DEADLINE_AWARE,80,4,123.35,7.68,146.22,486.43,494.11,363.08,370.76,true,1,0.7660,1.0000,0.9993,0.4000,-347.89
MIXED,100,4001,PROPOSED_DEADLINE_AWARE,81,6,124.63,16.64,153.35,494.22,510.86,369.59,386.23,true,1,0.8275,1.0000,0.9994,0.6000,-357.51
MIXED,100,4001,PROPOSED_DEADLINE_AWARE,82,4,127.07,36.33,250.07,510.97,547.30,383.90,420.23,true,1,0.7663,1.0000,0.9995,0.4000,-297.23
MIXED,100,4001,PROPOSED_DEADLINE_AWARE,83,3,129.65,28.17,188.67,464.75,492.92,335.10,363.27,true,3,0.7344,1.0000,0.9988,0.3000,-304.25
MIXED,100,4001,PROPOSED_DEADLINE_AWARE,84,4,130.07,16.03,205.45,443.30,459.33,313.23,329.26,true,2,0.7663,1.0000,0.9981,0.4000,-253.88
MIXED,100,4001,PROPOSED_DEADLINE_AWARE,85,8,132.69,7.99,162.29,493.03,501.02,360.34,368.33,true,3,0.8547,1.0000,0.9993,0.8000,-338.73
MIXED,100,4001,PROPOSED_DEADLINE_AWARE,86,3,135.20,33.91,208.04,459.44,493.35,324.24,358.15,true,2,0.7344,1.0000,0.9985,0.3000,-285.31
MIXED,100,4001,PROPOSED_DEADLINE_AWARE,87,8,135.90,4.00,154.32,501.13,505.13,365.23,369.23,true,3,0.8581,1.0000,0.9993,0.8000,-350.81
MIXED,100,4001,PROPOSED_DEADLINE_AWARE,88,9,137.25,28.25,203.26,493.46,521.71,356.21,384.46,true,2,0.8790,0.9988,0.9992,0.9000,-318.45
MIXED,100,4001,PROPOSED_DEADLINE_AWARE,89,9,138.46,23.01,229.45,521.82,544.83,383.36,406.37,true,2,0.8643,0.9293,0.9995,0.9000,-315.38
MIXED,100,4001,PROPOSED_DEADLINE_AWARE,90,4,141.21,15.72,211.90,505.24,520.96,364.03,379.75,true,3,0.7666,1.0000,0.9993,0.4000,-309.06
MIXED,100,4001,PROPOSED_DEADLINE_AWARE,91,1,143.56,43.39,334.95,544.94,588.33,401.38,444.77,true,2,0.6685,1.0000,0.9997,0.1000,-253.38
MIXED,100,4001,PROPOSED_DEADLINE_AWARE,92,3,143.84,4.38,154.62,521.29,525.67,377.45,381.83,true,0,0.7343,1.0000,0.9995,0.3000,-371.05
MIXED,100,4001,PROPOSED_DEADLINE_AWARE,93,2,145.33,3.88,161.12,547.41,551.29,402.08,405.96,true,1,0.7018,1.0000,0.9997,0.2000,-390.17
MIXED,100,4001,PROPOSED_DEADLINE_AWARE,94,5,146.84,16.82,210.85,521.07,537.89,374.23,391.05,true,3,0.7966,1.0000,0.9994,0.5000,-327.04
MIXED,100,4001,PROPOSED_DEADLINE_AWARE,95,9,147.82,7.63,174.28,588.44,596.07,440.62,448.25,true,2,0.8574,1.0000,0.9999,0.9000,-421.79
MIXED,100,4001,PROPOSED_DEADLINE_AWARE,96,3,149.78,17.28,225.52,551.40,568.68,401.62,418.90,true,1,0.7341,1.0000,0.9997,0.3000,-343.16
MIXED,100,4001,PROPOSED_DEADLINE_AWARE,97,9,151.55,38.27,232.88,538.00,576.27,386.45,424.72,true,3,0.8794,0.9910,0.9996,0.9000,-343.39
MIXED,100,4001,PROPOSED_DEADLINE_AWARE,98,3,154.36,32.71,242.51,525.78,558.49,371.42,404.13,true,0,0.7339,1.0000,0.9994,0.3000,-315.98
MIXED,100,4001,PROPOSED_DEADLINE_AWARE,99,5,157.03,16.57,235.10,568.79,585.36,411.76,428.33,true,1,0.7964,1.0000,0.9997,0.5000,-350.26
